split,window_idx,date
train,0,2011-01-12
train,1,2011-01-13
train,2,2011-01-14
train,3,2011-01-18
train,4,2011-01-19
train,5,2011-01-20
train,6,2011-01-21
train,7,2011-01-24
train,8,2011-01-25
train,9,2011-01-26
train,10,2011-01-27
train,11,2011-01-28
train,12,2011-01-31
train,13,2011-02-01
train,14,2011-02-02
train,15,2011-02-03
train,16,2011-02-04
train,17,2011-02-07
train,18,2011-02-08
train,19,2011-02-09
train,20,2011-02-10
train,21,2011-02-11
train,22,2011-02-14
train,23,2011-02-15
train,24,2011-02-16
train,25,2011-02-17
train,26,2011-02-18
train,27,2011-02-22
train,28,2011-02-23
train,29,2011-02-24
train,30,2011-02-25
train,31,2011-02-28
train,32,2011-03-01
train,33,2011-03-02
train,34,2011-03-03
train,35,2011-03-04
train,36,2011-03-07
train,37,2011-03-08
train,38,2011-03-09
train,39,2011-03-10
train,40,2011-03-11
train,41,2011-03-14
train,42,2011-03-15
train,43,2011-03-16
train,44,2011-03-17
train,45,2011-03-18
train,46,2011-03-21
train,47,2011-03-22
train,48,2011-03-23
train,49,2011-03-24
train,50,2011-03-25
train,51,2011-03-28
train,52,2011-03-29
train,53,2011-03-30
train,54,2011-03-31
train,55,2011-04-01
train,56,2011-04-04
train,57,2011-04-05
train,58,2011-04-06
train,59,2011-04-07
train,60,2011-04-08
train,61,2011-04-11
train,62,2011-04-12
train,63,2011-04-13
train,64,2011-04-14
train,65,2011-04-15
train,66,2011-04-18
train,67,2011-04-19
train,68,2011-04-20
train,69,2011-04-21
train,70,2011-04-25
train,71,2011-04-26
train,72,2011-04-27
train,73,2011-04-28
train,74,2011-04-29
train,75,2011-05-02
train,76,2011-05-03
train,77,2011-05-04
train,78,2011-05-05
train,79,2011-05-06
train,80,2011-05-09
train,81,2011-05-10
train,82,2011-05-11
train,83,2011-05-12
train,84,2011-05-13
train,85,2011-05-16
train,86,2011-05-17
train,87,2011-05-18
train,88,2011-05-19
train,89,2011-05-20
train,90,2011-05-23
train,91,2011-05-24
train,92,2011-05-25
train,93,2011-05-26
train,94,2011-05-27
train,95,2011-05-31
train,96,2011-06-01
train,97,2011-06-02
train,98,2011-06-03
train,99,2011-06-06
train,100,2011-06-07
train,101,2011-06-08
train,102,2011-06-09
train,103,2011-06-10
train,104,2011-06-13
train,105,2011-06-14
train,106,2011-06-15
train,107,2011-06-16
train,108,2011-06-17
train,109,2011-06-20
train,110,2011-06-21
train,111,2011-06-22
train,112,2011-06-23
train,113,2011-06-24
train,114,2011-06-27
train,115,2011-06-28
train,116,2011-06-29
train,117,2011-06-30
train,118,2011-07-01
train,119,2011-07-05
train,120,2011-07-06
train,121,2011-07-07
train,122,2011-07-08
train,123,2011-07-11
train,124,2011-07-12
train,125,2011-07-13
train,126,2011-07-14
train,127,2011-07-15
train,128,2011-07-18
train,129,2011-07-19
train,130,2011-07-20
train,131,2011-07-21
train,132,2011-07-22
train,133,2011-07-25
train,134,2011-07-26
train,135,2011-07-27
train,136,2011-07-28
train,137,2011-07-29
train,138,2011-08-01
train,139,2011-08-02
train,140,2011-08-03
train,141,2011-08-04
train,142,2011-08-05
train,143,2011-08-08
train,144,2011-08-09
train,145,2011-08-10
train,146,2011-08-11
train,147,2011-08-12
train,148,2011-08-15
train,149,2011-08-16
train,150,2011-08-17
train,151,2011-08-18
train,152,2011-08-19
train,153,2011-08-22
train,154,2011-08-23
train,155,2011-08-24
train,156,2011-08-25
train,157,2011-08-26
train,158,2011-08-29
train,159,2011-08-30
train,160,2011-08-31
train,161,2011-09-01
train,162,2011-09-02
train,163,2011-09-06
train,164,2011-09-07
train,165,2011-09-08
train,166,2011-09-09
train,167,2011-09-12
train,168,2011-09-13
train,169,2011-09-14
train,170,2011-09-15
train,171,2011-09-16
train,172,2011-09-19
train,173,2011-09-20
train,174,2011-09-21
train,175,2011-09-22
train,176,2011-09-23
train,177,2011-09-26
train,178,2011-09-27
train,179,2011-09-28
train,180,2011-09-29
train,181,2011-09-30
train,182,2011-10-03
train,183,2011-10-04
train,184,2011-10-05
train,185,2011-10-06
train,186,2011-10-07
train,187,2011-10-10
train,188,2011-10-11
train,189,2011-10-12
train,190,2011-10-13
train,191,2011-10-14
train,192,2011-10-17
train,193,2011-10-18
train,194,2011-10-19
train,195,2011-10-20
train,196,2011-10-21
train,197,2011-10-24
train,198,2011-10-25
train,199,2011-10-26
train,200,2011-10-27
train,201,2011-10-28
train,202,2011-10-31
train,203,2011-11-01
train,204,2011-11-02
train,205,2011-11-03
train,206,2011-11-04
train,207,2011-11-07
train,208,2011-11-08
train,209,2011-11-09
train,210,2011-11-10
train,211,2011-11-11
train,212,2011-11-14
train,213,2011-11-15
train,214,2011-11-16
train,215,2011-11-17
train,216,2011-11-18
train,217,2011-11-21
train,218,2011-11-22
train,219,2011-11-23
train,220,2011-11-25
train,221,2011-11-28
train,222,2011-11-29
train,223,2011-11-30
train,224,2011-12-01
train,225,2011-12-02
train,226,2011-12-05
train,227,2011-12-06
train,228,2011-12-07
train,229,2011-12-08
train,230,2011-12-09
train,231,2011-12-12
train,232,2011-12-13
train,233,2011-12-14
train,234,2011-12-15
train,235,2011-12-16
train,236,2011-12-19
train,237,2011-12-20
train,238,2011-12-21
train,239,2011-12-22
train,240,2011-12-23
train,241,2011-12-27
train,242,2011-12-28
train,243,2011-12-29
train,244,2011-12-30
train,245,2012-01-03
train,246,2012-01-04
train,247,2012-01-05
train,248,2012-01-06
train,249,2012-01-09
train,250,2012-01-10
train,251,2012-01-11
train,252,2012-01-12
train,253,2012-01-13
train,254,2012-01-17
train,255,2012-01-18
train,256,2012-01-19
train,257,2012-01-20
train,258,2012-01-23
train,259,2012-01-24
train,260,2012-01-25
train,261,2012-01-26
train,262,2012-01-27
train,263,2012-01-30
train,264,2012-01-31
train,265,2012-02-01
train,266,2012-02-02
train,267,2012-02-03
train,268,2012-02-06
train,269,2012-02-07
train,270,2012-02-08
train,271,2012-02-09
train,272,2012-02-10
train,273,2012-02-13
train,274,2012-02-14
train,275,2012-02-15
train,276,2012-02-16
train,277,2012-02-17
train,278,2012-02-21
train,279,2012-02-22
train,280,2012-02-23
train,281,2012-02-24
train,282,2012-02-27
train,283,2012-02-28
train,284,2012-02-29
train,285,2012-03-01
train,286,2012-03-02
train,287,2012-03-05
train,288,2012-03-06
train,289,2012-03-07
train,290,2012-03-08
train,291,2012-03-09
train,292,2012-03-12
train,293,2012-03-13
train,294,2012-03-14
train,295,2012-03-15
train,296,2012-03-16
train,297,2012-03-19
train,298,2012-03-20
train,299,2012-03-21
train,300,2012-03-22
train,301,2012-03-23
train,302,2012-03-26
train,303,2012-03-27
train,304,2012-03-28
train,305,2012-03-29
train,306,2012-03-30
train,307,2012-04-02
train,308,2012-04-03
train,309,2012-04-04
train,310,2012-04-05
train,311,2012-04-09
train,312,2012-04-10
train,313,2012-04-11
train,314,2012-04-12
train,315,2012-04-13
train,316,2012-04-16
train,317,2012-04-17
train,318,2012-04-18
train,319,2012-04-19
train,320,2012-04-20
train,321,2012-04-23
train,322,2012-04-24
train,323,2012-04-25
train,324,2012-04-26
train,325,2012-04-27
train,326,2012-04-30
train,327,2012-05-01
train,328,2012-05-02
train,329,2012-05-03
train,330,2012-05-04
train,331,2012-05-07
train,332,2012-05-08
train,333,2012-05-09
train,334,2012-05-10
train,335,2012-05-11
train,336,2012-05-14
train,337,2012-05-15
train,338,2012-05-16
train,339,2012-05-17
train,340,2012-05-18
train,341,2012-05-21
train,342,2012-05-22
train,343,2012-05-23
train,344,2012-05-24
train,345,2012-05-25
train,346,2012-05-29
train,347,2012-05-30
train,348,2012-05-31
train,349,2012-06-01
train,350,2012-06-04
train,351,2012-06-05
train,352,2012-06-06
train,353,2012-06-07
train,354,2012-06-08
train,355,2012-06-11
train,356,2012-06-12
train,357,2012-06-13
train,358,2012-06-14
train,359,2012-06-15
train,360,2012-06-18
train,361,2012-06-19
train,362,2012-06-20
train,363,2012-06-21
train,364,2012-06-22
train,365,2012-06-25
train,366,2012-06-26
train,367,2012-06-27
train,368,2012-06-28
train,369,2012-06-29
train,370,2012-07-02
train,371,2012-07-03
train,372,2012-07-05
train,373,2012-07-06
train,374,2012-07-09
train,375,2012-07-10
train,376,2012-07-11
train,377,2012-07-12
train,378,2012-07-13
train,379,2012-07-16
train,380,2012-07-17
train,381,2012-07-18
train,382,2012-07-19
train,383,2012-07-20
train,384,2012-07-23
train,385,2012-07-24
train,386,2012-07-25
train,387,2012-07-26
train,388,2012-07-27
train,389,2012-07-30
train,390,2012-07-31
train,391,2012-08-01
train,392,2012-08-02
train,393,2012-08-03
train,394,2012-08-06
train,395,2012-08-07
train,396,2012-08-08
train,397,2012-08-09
train,398,2012-08-10
train,399,2012-08-13
train,400,2012-08-14
train,401,2012-08-15
train,402,2012-08-16
train,403,2012-08-17
train,404,2012-08-20
train,405,2012-08-21
train,406,2012-08-22
train,407,2012-08-23
train,408,2012-08-24
train,409,2012-08-27
train,410,2012-08-28
train,411,2012-08-29
train,412,2012-08-30
train,413,2012-08-31
train,414,2012-09-04
train,415,2012-09-05
train,416,2012-09-06
train,417,2012-09-07
train,418,2012-09-10
train,419,2012-09-11
train,420,2012-09-12
train,421,2012-09-13
train,422,2012-09-14
train,423,2012-09-17
train,424,2012-09-18
train,425,2012-09-19
train,426,2012-09-20
train,427,2012-09-21
train,428,2012-09-24
train,429,2012-09-25
train,430,2012-09-26
train,431,2012-09-27
train,432,2012-09-28
train,433,2012-10-01
train,434,2012-10-02
train,435,2012-10-03
train,436,2012-10-04
train,437,2012-10-05
train,438,2012-10-08
train,439,2012-10-09
train,440,2012-10-10
train,441,2012-10-11
train,442,2012-10-12
train,443,2012-10-15
train,444,2012-10-16
train,445,2012-10-17
train,446,2012-10-18
train,447,2012-10-19
train,448,2012-10-22
train,449,2012-10-23
train,450,2012-10-24
train,451,2012-10-25
train,452,2012-10-26
train,453,2012-10-31
train,454,2012-11-01
train,455,2012-11-02
train,456,2012-11-05
train,457,2012-11-06
train,458,2012-11-07
train,459,2012-11-08
train,460,2012-11-09
train,461,2012-11-12
train,462,2012-11-13
train,463,2012-11-14
train,464,2012-11-15
train,465,2012-11-16
train,466,2012-11-19
train,467,2012-11-20
train,468,2012-11-21
train,469,2012-11-23
train,470,2012-11-26
train,471,2012-11-27
train,472,2012-11-28
train,473,2012-11-29
train,474,2012-11-30
train,475,2012-12-03
train,476,2012-12-04
train,477,2012-12-05
train,478,2012-12-06
train,479,2012-12-07
train,480,2012-12-10
train,481,2012-12-11
train,482,2012-12-12
train,483,2012-12-13
train,484,2012-12-14
train,485,2012-12-17
train,486,2012-12-18
train,487,2012-12-19
train,488,2012-12-20
train,489,2012-12-21
train,490,2012-12-24
train,491,2012-12-26
train,492,2012-12-27
train,493,2012-12-28
train,494,2012-12-31
train,495,2013-01-02
train,496,2013-01-03
train,497,2013-01-04
train,498,2013-01-07
train,499,2013-01-08
train,500,2013-01-09
train,501,2013-01-10
train,502,2013-01-11
train,503,2013-01-14
train,504,2013-01-15
train,505,2013-01-16
train,506,2013-01-17
train,507,2013-01-18
train,508,2013-01-22
train,509,2013-01-23
train,510,2013-01-24
train,511,2013-01-25
train,512,2013-01-28
train,513,2013-01-29
train,514,2013-01-30
train,515,2013-01-31
train,516,2013-02-01
train,517,2013-02-04
train,518,2013-02-05
train,519,2013-02-06
train,520,2013-02-07
train,521,2013-02-08
train,522,2013-02-11
train,523,2013-02-12
train,524,2013-02-13
train,525,2013-02-14
train,526,2013-02-15
train,527,2013-02-19
train,528,2013-02-20
train,529,2013-02-21
train,530,2013-02-22
train,531,2013-02-25
train,532,2013-02-26
train,533,2013-02-27
train,534,2013-02-28
train,535,2013-03-01
train,536,2013-03-04
train,537,2013-03-05
train,538,2013-03-06
train,539,2013-03-07
train,540,2013-03-08
train,541,2013-03-11
train,542,2013-03-12
train,543,2013-03-13
train,544,2013-03-14
train,545,2013-03-15
train,546,2013-03-18
train,547,2013-03-19
train,548,2013-03-20
train,549,2013-03-21
train,550,2013-03-22
train,551,2013-03-25
train,552,2013-03-26
train,553,2013-03-27
train,554,2013-03-28
train,555,2013-04-01
train,556,2013-04-02
train,557,2013-04-03
train,558,2013-04-04
train,559,2013-04-05
train,560,2013-04-08
train,561,2013-04-09
train,562,2013-04-10
train,563,2013-04-11
train,564,2013-04-12
train,565,2013-04-15
train,566,2013-04-16
train,567,2013-04-17
train,568,2013-04-18
train,569,2013-04-19
train,570,2013-04-22
train,571,2013-04-23
train,572,2013-04-24
train,573,2013-04-25
train,574,2013-04-26
train,575,2013-04-29
train,576,2013-04-30
train,577,2013-05-01
train,578,2013-05-02
train,579,2013-05-03
train,580,2013-05-06
train,581,2013-05-07
train,582,2013-05-08
train,583,2013-05-09
train,584,2013-05-10
train,585,2013-05-13
train,586,2013-05-14
train,587,2013-05-15
train,588,2013-05-16
train,589,2013-05-17
train,590,2013-05-20
train,591,2013-05-21
train,592,2013-05-22
train,593,2013-05-23
train,594,2013-05-24
train,595,2013-05-28
train,596,2013-05-29
train,597,2013-05-30
train,598,2013-05-31
train,599,2013-06-03
train,600,2013-06-04
train,601,2013-06-05
train,602,2013-06-06
train,603,2013-06-07
train,604,2013-06-10
train,605,2013-06-11
train,606,2013-06-12
train,607,2013-06-13
train,608,2013-06-14
train,609,2013-06-17
train,610,2013-06-18
train,611,2013-06-19
train,612,2013-06-20
train,613,2013-06-21
train,614,2013-06-24
train,615,2013-06-25
train,616,2013-06-26
train,617,2013-06-27
train,618,2013-06-28
train,619,2013-07-01
train,620,2013-07-02
train,621,2013-07-03
train,622,2013-07-05
train,623,2013-07-08
train,624,2013-07-09
train,625,2013-07-10
train,626,2013-07-11
train,627,2013-07-12
train,628,2013-07-15
train,629,2013-07-16
train,630,2013-07-17
train,631,2013-07-18
train,632,2013-07-19
train,633,2013-07-22
train,634,2013-07-23
train,635,2013-07-24
train,636,2013-07-25
train,637,2013-07-26
train,638,2013-07-29
train,639,2013-07-30
train,640,2013-07-31
train,641,2013-08-01
train,642,2013-08-02
train,643,2013-08-05
train,644,2013-08-06
train,645,2013-08-07
train,646,2013-08-08
train,647,2013-08-09
train,648,2013-08-12
train,649,2013-08-13
train,650,2013-08-14
train,651,2013-08-15
train,652,2013-08-16
train,653,2013-08-19
train,654,2013-08-20
train,655,2013-08-21
train,656,2013-08-22
train,657,2013-08-23
train,658,2013-08-26
train,659,2013-08-27
train,660,2013-08-28
train,661,2013-08-29
train,662,2013-08-30
train,663,2013-09-03
train,664,2013-09-04
train,665,2013-09-05
train,666,2013-09-06
train,667,2013-09-09
train,668,2013-09-10
train,669,2013-09-11
train,670,2013-09-12
train,671,2013-09-13
train,672,2013-09-16
train,673,2013-09-17
train,674,2013-09-18
train,675,2013-09-19
train,676,2013-09-20
train,677,2013-09-23
train,678,2013-09-24
train,679,2013-09-25
train,680,2013-09-26
train,681,2013-09-27
train,682,2013-09-30
train,683,2013-10-01
train,684,2013-10-02
train,685,2013-10-03
train,686,2013-10-04
train,687,2013-10-07
train,688,2013-10-08
train,689,2013-10-09
train,690,2013-10-10
train,691,2013-10-11
train,692,2013-10-14
train,693,2013-10-15
train,694,2013-10-16
train,695,2013-10-17
train,696,2013-10-18
train,697,2013-10-21
train,698,2013-10-22
train,699,2013-10-23
train,700,2013-10-24
train,701,2013-10-25
train,702,2013-10-28
train,703,2013-10-29
train,704,2013-10-30
train,705,2013-10-31
train,706,2013-11-01
train,707,2013-11-04
train,708,2013-11-05
train,709,2013-11-06
train,710,2013-11-07
train,711,2013-11-08
train,712,2013-11-11
train,713,2013-11-12
train,714,2013-11-13
train,715,2013-11-14
train,716,2013-11-15
train,717,2013-11-18
train,718,2013-11-19
train,719,2013-11-20
train,720,2013-11-21
train,721,2013-11-22
train,722,2013-11-25
train,723,2013-11-26
train,724,2013-11-27
train,725,2013-11-29
train,726,2013-12-02
train,727,2013-12-03
train,728,2013-12-04
train,729,2013-12-05
train,730,2013-12-06
train,731,2013-12-09
train,732,2013-12-10
train,733,2013-12-11
train,734,2013-12-12
train,735,2013-12-13
train,736,2013-12-16
train,737,2013-12-17
train,738,2013-12-18
train,739,2013-12-19
train,740,2013-12-20
train,741,2013-12-23
train,742,2013-12-24
train,743,2013-12-26
train,744,2013-12-27
train,745,2013-12-30
train,746,2013-12-31
train,747,2014-01-02
train,748,2014-01-03
train,749,2014-01-06
train,750,2014-01-07
train,751,2014-01-08
train,752,2014-01-09
train,753,2014-01-10
train,754,2014-01-13
train,755,2014-01-14
train,756,2014-01-15
train,757,2014-01-16
train,758,2014-01-17
train,759,2014-01-21
train,760,2014-01-22
train,761,2014-01-23
train,762,2014-01-24
train,763,2014-01-27
train,764,2014-01-28
train,765,2014-01-29
train,766,2014-01-30
train,767,2014-01-31
train,768,2014-02-03
train,769,2014-02-04
train,770,2014-02-05
train,771,2014-02-06
train,772,2014-02-07
train,773,2014-02-10
train,774,2014-02-11
train,775,2014-02-12
train,776,2014-02-13
train,777,2014-02-14
train,778,2014-02-18
train,779,2014-02-19
train,780,2014-02-20
train,781,2014-02-21
train,782,2014-02-24
train,783,2014-02-25
train,784,2014-02-26
train,785,2014-02-27
train,786,2014-02-28
train,787,2014-03-03
train,788,2014-03-04
train,789,2014-03-05
train,790,2014-03-06
train,791,2014-03-07
train,792,2014-03-10
train,793,2014-03-11
train,794,2014-03-12
train,795,2014-03-13
train,796,2014-03-14
train,797,2014-03-17
train,798,2014-03-18
train,799,2014-03-19
train,800,2014-03-20
train,801,2014-03-21
train,802,2014-03-24
train,803,2014-03-25
train,804,2014-03-26
train,805,2014-03-27
train,806,2014-03-28
train,807,2014-03-31
train,808,2014-04-01
train,809,2014-04-02
train,810,2014-04-03
train,811,2014-04-04
train,812,2014-04-07
train,813,2014-04-08
train,814,2014-04-09
train,815,2014-04-10
train,816,2014-04-11
train,817,2014-04-14
train,818,2014-04-15
train,819,2014-04-16
train,820,2014-04-17
train,821,2014-04-21
train,822,2014-04-22
train,823,2014-04-23
train,824,2014-04-24
train,825,2014-04-25
train,826,2014-04-28
train,827,2014-04-29
train,828,2014-04-30
train,829,2014-05-01
train,830,2014-05-02
train,831,2014-05-05
train,832,2014-05-06
train,833,2014-05-07
train,834,2014-05-08
train,835,2014-05-09
train,836,2014-05-12
train,837,2014-05-13
train,838,2014-05-14
train,839,2014-05-15
train,840,2014-05-16
train,841,2014-05-19
train,842,2014-05-20
train,843,2014-05-21
train,844,2014-05-22
train,845,2014-05-23
train,846,2014-05-27
train,847,2014-05-28
train,848,2014-05-29
train,849,2014-05-30
train,850,2014-06-02
train,851,2014-06-03
train,852,2014-06-04
train,853,2014-06-05
train,854,2014-06-06
train,855,2014-06-09
train,856,2014-06-10
train,857,2014-06-11
train,858,2014-06-12
train,859,2014-06-13
train,860,2014-06-16
train,861,2014-06-17
train,862,2014-06-18
train,863,2014-06-19
train,864,2014-06-20
train,865,2014-06-23
train,866,2014-06-24
train,867,2014-06-25
train,868,2014-06-26
train,869,2014-06-27
train,870,2014-06-30
train,871,2014-07-01
train,872,2014-07-02
train,873,2014-07-03
train,874,2014-07-07
train,875,2014-07-08
train,876,2014-07-09
train,877,2014-07-10
train,878,2014-07-11
train,879,2014-07-14
train,880,2014-07-15
train,881,2014-07-16
train,882,2014-07-17
train,883,2014-07-18
train,884,2014-07-21
train,885,2014-07-22
train,886,2014-07-23
train,887,2014-07-24
train,888,2014-07-25
train,889,2014-07-28
train,890,2014-07-29
train,891,2014-07-30
train,892,2014-07-31
train,893,2014-08-01
train,894,2014-08-04
train,895,2014-08-05
train,896,2014-08-06
train,897,2014-08-07
train,898,2014-08-08
train,899,2014-08-11
train,900,2014-08-12
train,901,2014-08-13
train,902,2014-08-14
train,903,2014-08-15
train,904,2014-08-18
train,905,2014-08-19
train,906,2014-08-20
train,907,2014-08-21
train,908,2014-08-22
train,909,2014-08-25
train,910,2014-08-26
train,911,2014-08-27
train,912,2014-08-28
train,913,2014-08-29
train,914,2014-09-02
train,915,2014-09-03
train,916,2014-09-04
train,917,2014-09-05
train,918,2014-09-08
train,919,2014-09-09
train,920,2014-09-10
train,921,2014-09-11
train,922,2014-09-12
train,923,2014-09-15
train,924,2014-09-16
train,925,2014-09-17
train,926,2014-09-18
train,927,2014-09-19
train,928,2014-09-22
train,929,2014-09-23
train,930,2014-09-24
train,931,2014-09-25
train,932,2014-09-26
train,933,2014-09-29
train,934,2014-09-30
train,935,2014-10-01
train,936,2014-10-02
train,937,2014-10-03
train,938,2014-10-06
train,939,2014-10-07
train,940,2014-10-08
train,941,2014-10-09
train,942,2014-10-10
train,943,2014-10-13
train,944,2014-10-14
train,945,2014-10-15
train,946,2014-10-16
train,947,2014-10-17
train,948,2014-10-20
train,949,2014-10-21
train,950,2014-10-22
train,951,2014-10-23
train,952,2014-10-24
train,953,2014-10-27
train,954,2014-10-28
train,955,2014-10-29
train,956,2014-10-30
train,957,2014-10-31
train,958,2014-11-03
train,959,2014-11-04
train,960,2014-11-05
train,961,2014-11-06
train,962,2014-11-07
train,963,2014-11-10
train,964,2014-11-11
train,965,2014-11-12
train,966,2014-11-13
train,967,2014-11-14
train,968,2014-11-17
train,969,2014-11-18
train,970,2014-11-19
train,971,2014-11-20
train,972,2014-11-21
train,973,2014-11-24
train,974,2014-11-25
train,975,2014-11-26
train,976,2014-11-28
train,977,2014-12-01
train,978,2014-12-02
train,979,2014-12-03
train,980,2014-12-04
train,981,2014-12-05
train,982,2014-12-08
train,983,2014-12-09
train,984,2014-12-10
train,985,2014-12-11
train,986,2014-12-12
train,987,2014-12-15
train,988,2014-12-16
train,989,2014-12-17
train,990,2014-12-18
train,991,2014-12-19
train,992,2014-12-22
train,993,2014-12-23
train,994,2014-12-24
train,995,2014-12-26
train,996,2014-12-29
train,997,2014-12-30
train,998,2014-12-31
train,999,2015-01-02
train,1000,2015-01-05
train,1001,2015-01-06
train,1002,2015-01-07
train,1003,2015-01-08
train,1004,2015-01-09
train,1005,2015-01-12
train,1006,2015-01-13
train,1007,2015-01-14
train,1008,2015-01-15
train,1009,2015-01-16
train,1010,2015-01-20
train,1011,2015-01-21
train,1012,2015-01-22
train,1013,2015-01-23
train,1014,2015-01-26
train,1015,2015-01-27
train,1016,2015-01-28
train,1017,2015-01-29
train,1018,2015-01-30
train,1019,2015-02-02
train,1020,2015-02-03
train,1021,2015-02-04
train,1022,2015-02-05
train,1023,2015-02-06
train,1024,2015-02-09
train,1025,2015-02-10
train,1026,2015-02-11
train,1027,2015-02-12
train,1028,2015-02-13
train,1029,2015-02-17
train,1030,2015-02-18
train,1031,2015-02-19
train,1032,2015-02-20
train,1033,2015-02-23
train,1034,2015-02-24
train,1035,2015-02-25
train,1036,2015-02-26
train,1037,2015-02-27
train,1038,2015-03-02
train,1039,2015-03-03
train,1040,2015-03-04
train,1041,2015-03-05
train,1042,2015-03-06
train,1043,2015-03-09
train,1044,2015-03-10
train,1045,2015-03-11
train,1046,2015-03-12
train,1047,2015-03-13
train,1048,2015-03-16
train,1049,2015-03-17
train,1050,2015-03-18
train,1051,2015-03-19
train,1052,2015-03-20
train,1053,2015-03-23
train,1054,2015-03-24
train,1055,2015-03-25
train,1056,2015-03-26
train,1057,2015-03-27
train,1058,2015-03-30
train,1059,2015-03-31
train,1060,2015-04-01
train,1061,2015-04-02
train,1062,2015-04-06
train,1063,2015-04-07
train,1064,2015-04-08
train,1065,2015-04-09
train,1066,2015-04-10
train,1067,2015-04-13
train,1068,2015-04-14
train,1069,2015-04-15
train,1070,2015-04-16
train,1071,2015-04-17
train,1072,2015-04-20
train,1073,2015-04-21
train,1074,2015-04-22
train,1075,2015-04-23
train,1076,2015-04-24
train,1077,2015-04-27
train,1078,2015-04-28
train,1079,2015-04-29
train,1080,2015-04-30
train,1081,2015-05-01
train,1082,2015-05-04
train,1083,2015-05-05
train,1084,2015-05-06
train,1085,2015-05-07
train,1086,2015-05-08
train,1087,2015-05-11
train,1088,2015-05-12
train,1089,2015-05-13
train,1090,2015-05-14
train,1091,2015-05-15
train,1092,2015-05-18
train,1093,2015-05-19
train,1094,2015-05-20
train,1095,2015-05-21
train,1096,2015-05-22
train,1097,2015-05-26
train,1098,2015-05-27
train,1099,2015-05-28
train,1100,2015-05-29
train,1101,2015-06-01
train,1102,2015-06-02
train,1103,2015-06-03
train,1104,2015-06-04
train,1105,2015-06-05
train,1106,2015-06-08
train,1107,2015-06-09
train,1108,2015-06-10
train,1109,2015-06-11
train,1110,2015-06-12
train,1111,2015-06-15
train,1112,2015-06-16
train,1113,2015-06-17
train,1114,2015-06-18
train,1115,2015-06-19
train,1116,2015-06-22
train,1117,2015-06-23
train,1118,2015-06-24
train,1119,2015-06-25
train,1120,2015-06-26
train,1121,2015-06-29
train,1122,2015-06-30
train,1123,2015-07-01
train,1124,2015-07-02
train,1125,2015-07-06
train,1126,2015-07-07
train,1127,2015-07-08
train,1128,2015-07-09
train,1129,2015-07-10
train,1130,2015-07-13
train,1131,2015-07-14
train,1132,2015-07-15
train,1133,2015-07-16
train,1134,2015-07-17
train,1135,2015-07-20
train,1136,2015-07-21
train,1137,2015-07-22
train,1138,2015-07-23
train,1139,2015-07-24
train,1140,2015-07-27
train,1141,2015-07-28
train,1142,2015-07-29
train,1143,2015-07-30
train,1144,2015-07-31
train,1145,2015-08-03
train,1146,2015-08-04
train,1147,2015-08-05
train,1148,2015-08-06
train,1149,2015-08-07
train,1150,2015-08-10
train,1151,2015-08-11
train,1152,2015-08-12
train,1153,2015-08-13
train,1154,2015-08-14
train,1155,2015-08-17
train,1156,2015-08-18
train,1157,2015-08-19
train,1158,2015-08-20
train,1159,2015-08-21
train,1160,2015-08-24
train,1161,2015-08-25
train,1162,2015-08-26
train,1163,2015-08-27
train,1164,2015-08-28
train,1165,2015-08-31
train,1166,2015-09-01
train,1167,2015-09-02
train,1168,2015-09-03
train,1169,2015-09-04
train,1170,2015-09-08
train,1171,2015-09-09
train,1172,2015-09-10
train,1173,2015-09-11
train,1174,2015-09-14
train,1175,2015-09-15
train,1176,2015-09-16
train,1177,2015-09-17
train,1178,2015-09-18
train,1179,2015-09-21
train,1180,2015-09-22
train,1181,2015-09-23
train,1182,2015-09-24
train,1183,2015-09-25
train,1184,2015-09-28
train,1185,2015-09-29
train,1186,2015-09-30
train,1187,2015-10-01
train,1188,2015-10-02
train,1189,2015-10-05
train,1190,2015-10-06
train,1191,2015-10-07
train,1192,2015-10-08
train,1193,2015-10-09
train,1194,2015-10-12
train,1195,2015-10-13
train,1196,2015-10-14
train,1197,2015-10-15
train,1198,2015-10-16
train,1199,2015-10-19
train,1200,2015-10-20
train,1201,2015-10-21
train,1202,2015-10-22
train,1203,2015-10-23
train,1204,2015-10-26
train,1205,2015-10-27
train,1206,2015-10-28
train,1207,2015-10-29
train,1208,2015-10-30
train,1209,2015-11-02
train,1210,2015-11-03
train,1211,2015-11-04
train,1212,2015-11-05
train,1213,2015-11-06
train,1214,2015-11-09
train,1215,2015-11-10
train,1216,2015-11-11
train,1217,2015-11-12
train,1218,2015-11-13
train,1219,2015-11-16
train,1220,2015-11-17
train,1221,2015-11-18
train,1222,2015-11-19
train,1223,2015-11-20
train,1224,2015-11-23
train,1225,2015-11-24
train,1226,2015-11-25
train,1227,2015-11-27
train,1228,2015-11-30
train,1229,2015-12-01
train,1230,2015-12-02
train,1231,2015-12-03
train,1232,2015-12-04
train,1233,2015-12-07
train,1234,2015-12-08
train,1235,2015-12-09
train,1236,2015-12-10
train,1237,2015-12-11
train,1238,2015-12-14
train,1239,2015-12-15
train,1240,2015-12-16
train,1241,2015-12-17
train,1242,2015-12-18
train,1243,2015-12-21
train,1244,2015-12-22
train,1245,2015-12-23
train,1246,2015-12-24
train,1247,2015-12-28
train,1248,2015-12-29
train,1249,2015-12-30
train,1250,2015-12-31
train,1251,2016-01-04
train,1252,2016-01-05
train,1253,2016-01-06
train,1254,2016-01-07
train,1255,2016-01-08
train,1256,2016-01-11
train,1257,2016-01-12
train,1258,2016-01-13
train,1259,2016-01-14
train,1260,2016-01-15
train,1261,2016-01-19
train,1262,2016-01-20
train,1263,2016-01-21
train,1264,2016-01-22
train,1265,2016-01-25
train,1266,2016-01-26
train,1267,2016-01-27
train,1268,2016-01-28
train,1269,2016-01-29
train,1270,2016-02-01
train,1271,2016-02-02
train,1272,2016-02-03
train,1273,2016-02-04
train,1274,2016-02-05
train,1275,2016-02-08
train,1276,2016-02-09
train,1277,2016-02-10
train,1278,2016-02-11
train,1279,2016-02-12
train,1280,2016-02-16
train,1281,2016-02-17
train,1282,2016-02-18
train,1283,2016-02-19
train,1284,2016-02-22
train,1285,2016-02-23
train,1286,2016-02-24
train,1287,2016-02-25
train,1288,2016-02-26
train,1289,2016-02-29
train,1290,2016-03-01
train,1291,2016-03-02
train,1292,2016-03-03
train,1293,2016-03-04
train,1294,2016-03-07
train,1295,2016-03-08
train,1296,2016-03-09
train,1297,2016-03-10
train,1298,2016-03-11
train,1299,2016-03-14
train,1300,2016-03-15
train,1301,2016-03-16
train,1302,2016-03-17
train,1303,2016-03-18
train,1304,2016-03-21
train,1305,2016-03-22
train,1306,2016-03-23
train,1307,2016-03-24
train,1308,2016-03-28
train,1309,2016-03-29
train,1310,2016-03-30
train,1311,2016-03-31
train,1312,2016-04-01
train,1313,2016-04-04
train,1314,2016-04-05
train,1315,2016-04-06
train,1316,2016-04-07
train,1317,2016-04-08
train,1318,2016-04-11
train,1319,2016-04-12
train,1320,2016-04-13
train,1321,2016-04-14
train,1322,2016-04-15
train,1323,2016-04-18
train,1324,2016-04-19
train,1325,2016-04-20
train,1326,2016-04-21
train,1327,2016-04-22
train,1328,2016-04-25
train,1329,2016-04-26
train,1330,2016-04-27
train,1331,2016-04-28
train,1332,2016-04-29
train,1333,2016-05-02
train,1334,2016-05-03
train,1335,2016-05-04
train,1336,2016-05-05
train,1337,2016-05-06
train,1338,2016-05-09
train,1339,2016-05-10
train,1340,2016-05-11
train,1341,2016-05-12
train,1342,2016-05-13
train,1343,2016-05-16
train,1344,2016-05-17
train,1345,2016-05-18
train,1346,2016-05-19
train,1347,2016-05-20
train,1348,2016-05-23
train,1349,2016-05-24
train,1350,2016-05-25
train,1351,2016-05-26
train,1352,2016-05-27
train,1353,2016-05-31
train,1354,2016-06-01
train,1355,2016-06-02
train,1356,2016-06-03
train,1357,2016-06-06
train,1358,2016-06-07
train,1359,2016-06-08
train,1360,2016-06-09
train,1361,2016-06-10
train,1362,2016-06-13
train,1363,2016-06-14
train,1364,2016-06-15
train,1365,2016-06-16
train,1366,2016-06-17
train,1367,2016-06-20
train,1368,2016-06-21
train,1369,2016-06-22
train,1370,2016-06-23
train,1371,2016-06-24
train,1372,2016-06-27
train,1373,2016-06-28
train,1374,2016-06-29
train,1375,2016-06-30
train,1376,2016-07-01
train,1377,2016-07-05
train,1378,2016-07-06
train,1379,2016-07-07
train,1380,2016-07-08
train,1381,2016-07-11
train,1382,2016-07-12
train,1383,2016-07-13
train,1384,2016-07-14
train,1385,2016-07-15
train,1386,2016-07-18
train,1387,2016-07-19
train,1388,2016-07-20
train,1389,2016-07-21
train,1390,2016-07-22
train,1391,2016-07-25
train,1392,2016-07-26
train,1393,2016-07-27
train,1394,2016-07-28
train,1395,2016-07-29
train,1396,2016-08-01
train,1397,2016-08-02
train,1398,2016-08-03
train,1399,2016-08-04
train,1400,2016-08-05
train,1401,2016-08-08
train,1402,2016-08-09
train,1403,2016-08-10
train,1404,2016-08-11
train,1405,2016-08-12
train,1406,2016-08-15
train,1407,2016-08-16
train,1408,2016-08-17
train,1409,2016-08-18
train,1410,2016-08-19
train,1411,2016-08-22
train,1412,2016-08-23
train,1413,2016-08-24
train,1414,2016-08-25
train,1415,2016-08-26
train,1416,2016-08-29
train,1417,2016-08-30
train,1418,2016-08-31
train,1419,2016-09-01
train,1420,2016-09-02
train,1421,2016-09-06
train,1422,2016-09-07
train,1423,2016-09-08
train,1424,2016-09-09
train,1425,2016-09-12
train,1426,2016-09-13
train,1427,2016-09-14
train,1428,2016-09-15
train,1429,2016-09-16
train,1430,2016-09-19
train,1431,2016-09-20
train,1432,2016-09-21
train,1433,2016-09-22
train,1434,2016-09-23
train,1435,2016-09-26
train,1436,2016-09-27
train,1437,2016-09-28
train,1438,2016-09-29
train,1439,2016-09-30
train,1440,2016-10-03
train,1441,2016-10-04
train,1442,2016-10-05
train,1443,2016-10-06
train,1444,2016-10-07
train,1445,2016-10-10
train,1446,2016-10-11
train,1447,2016-10-12
train,1448,2016-10-13
train,1449,2016-10-14
train,1450,2016-10-17
train,1451,2016-10-18
train,1452,2016-10-19
train,1453,2016-10-20
train,1454,2016-10-21
train,1455,2016-10-24
train,1456,2016-10-25
train,1457,2016-10-26
train,1458,2016-10-27
train,1459,2016-10-28
train,1460,2016-10-31
train,1461,2016-11-01
train,1462,2016-11-02
train,1463,2016-11-03
train,1464,2016-11-04
train,1465,2016-11-07
train,1466,2016-11-08
train,1467,2016-11-09
train,1468,2016-11-10
train,1469,2016-11-11
train,1470,2016-11-14
train,1471,2016-11-15
train,1472,2016-11-16
train,1473,2016-11-17
train,1474,2016-11-18
train,1475,2016-11-21
train,1476,2016-11-22
train,1477,2016-11-23
train,1478,2016-11-25
train,1479,2016-11-28
train,1480,2016-11-29
train,1481,2016-11-30
train,1482,2016-12-01
train,1483,2016-12-02
train,1484,2016-12-05
train,1485,2016-12-06
train,1486,2016-12-07
train,1487,2016-12-08
train,1488,2016-12-09
train,1489,2016-12-12
train,1490,2016-12-13
train,1491,2016-12-14
train,1492,2016-12-15
train,1493,2016-12-16
train,1494,2016-12-19
train,1495,2016-12-20
train,1496,2016-12-21
train,1497,2016-12-22
train,1498,2016-12-23
train,1499,2016-12-27
train,1500,2016-12-28
train,1501,2016-12-29
train,1502,2016-12-30
train,1503,2017-01-03
train,1504,2017-01-04
train,1505,2017-01-05
train,1506,2017-01-06
train,1507,2017-01-09
train,1508,2017-01-10
train,1509,2017-01-11
train,1510,2017-01-12
train,1511,2017-01-13
train,1512,2017-01-17
train,1513,2017-01-18
train,1514,2017-01-19
train,1515,2017-01-20
train,1516,2017-01-23
train,1517,2017-01-24
train,1518,2017-01-25
train,1519,2017-01-26
train,1520,2017-01-27
train,1521,2017-01-30
train,1522,2017-01-31
train,1523,2017-02-01
train,1524,2017-02-02
train,1525,2017-02-03
train,1526,2017-02-06
train,1527,2017-02-07
train,1528,2017-02-08
train,1529,2017-02-09
train,1530,2017-02-10
train,1531,2017-02-13
train,1532,2017-02-14
train,1533,2017-02-15
train,1534,2017-02-16
train,1535,2017-02-17
train,1536,2017-02-21
train,1537,2017-02-22
train,1538,2017-02-23
train,1539,2017-02-24
train,1540,2017-02-27
train,1541,2017-02-28
train,1542,2017-03-01
train,1543,2017-03-02
train,1544,2017-03-03
train,1545,2017-03-06
train,1546,2017-03-07
train,1547,2017-03-08
train,1548,2017-03-09
train,1549,2017-03-10
train,1550,2017-03-13
train,1551,2017-03-14
train,1552,2017-03-15
train,1553,2017-03-16
train,1554,2017-03-17
train,1555,2017-03-20
train,1556,2017-03-21
train,1557,2017-03-22
train,1558,2017-03-23
train,1559,2017-03-24
train,1560,2017-03-27
train,1561,2017-03-28
train,1562,2017-03-29
train,1563,2017-03-30
train,1564,2017-03-31
train,1565,2017-04-03
train,1566,2017-04-04
train,1567,2017-04-05
train,1568,2017-04-06
train,1569,2017-04-07
train,1570,2017-04-10
train,1571,2017-04-11
train,1572,2017-04-12
train,1573,2017-04-13
train,1574,2017-04-17
train,1575,2017-04-18
train,1576,2017-04-19
train,1577,2017-04-20
train,1578,2017-04-21
train,1579,2017-04-24
train,1580,2017-04-25
train,1581,2017-04-26
train,1582,2017-04-27
train,1583,2017-04-28
train,1584,2017-05-01
train,1585,2017-05-02
train,1586,2017-05-03
train,1587,2017-05-04
train,1588,2017-05-05
train,1589,2017-05-08
train,1590,2017-05-09
train,1591,2017-05-10
train,1592,2017-05-11
train,1593,2017-05-12
train,1594,2017-05-15
train,1595,2017-05-16
train,1596,2017-05-17
train,1597,2017-05-18
train,1598,2017-05-19
train,1599,2017-05-22
train,1600,2017-05-23
train,1601,2017-05-24
train,1602,2017-05-25
train,1603,2017-05-26
train,1604,2017-05-30
train,1605,2017-05-31
train,1606,2017-06-01
train,1607,2017-06-02
train,1608,2017-06-05
train,1609,2017-06-06
train,1610,2017-06-07
train,1611,2017-06-08
train,1612,2017-06-09
train,1613,2017-06-12
train,1614,2017-06-13
train,1615,2017-06-14
train,1616,2017-06-15
train,1617,2017-06-16
train,1618,2017-06-19
train,1619,2017-06-20
train,1620,2017-06-21
train,1621,2017-06-22
train,1622,2017-06-23
train,1623,2017-06-26
train,1624,2017-06-27
train,1625,2017-06-28
train,1626,2017-06-29
train,1627,2017-06-30
train,1628,2017-07-03
train,1629,2017-07-05
train,1630,2017-07-06
train,1631,2017-07-07
train,1632,2017-07-10
train,1633,2017-07-11
train,1634,2017-07-12
train,1635,2017-07-13
train,1636,2017-07-14
train,1637,2017-07-17
train,1638,2017-07-18
train,1639,2017-07-19
train,1640,2017-07-20
train,1641,2017-07-21
train,1642,2017-07-24
train,1643,2017-07-25
train,1644,2017-07-26
train,1645,2017-07-27
train,1646,2017-07-28
train,1647,2017-07-31
train,1648,2017-08-01
train,1649,2017-08-02
train,1650,2017-08-03
train,1651,2017-08-04
train,1652,2017-08-07
train,1653,2017-08-08
train,1654,2017-08-09
train,1655,2017-08-10
train,1656,2017-08-11
train,1657,2017-08-14
train,1658,2017-08-15
train,1659,2017-08-16
train,1660,2017-08-17
train,1661,2017-08-18
train,1662,2017-08-21
train,1663,2017-08-22
train,1664,2017-08-23
train,1665,2017-08-24
train,1666,2017-08-25
train,1667,2017-08-28
train,1668,2017-08-29
train,1669,2017-08-30
train,1670,2017-08-31
train,1671,2017-09-01
train,1672,2017-09-05
train,1673,2017-09-06
train,1674,2017-09-07
train,1675,2017-09-08
train,1676,2017-09-11
train,1677,2017-09-12
train,1678,2017-09-13
train,1679,2017-09-14
train,1680,2017-09-15
train,1681,2017-09-18
train,1682,2017-09-19
train,1683,2017-09-20
train,1684,2017-09-21
train,1685,2017-09-22
train,1686,2017-09-25
train,1687,2017-09-26
train,1688,2017-09-27
train,1689,2017-09-28
train,1690,2017-09-29
train,1691,2017-10-02
train,1692,2017-10-03
train,1693,2017-10-04
train,1694,2017-10-05
train,1695,2017-10-06
train,1696,2017-10-09
train,1697,2017-10-10
train,1698,2017-10-11
train,1699,2017-10-12
train,1700,2017-10-13
train,1701,2017-10-16
train,1702,2017-10-17
train,1703,2017-10-18
train,1704,2017-10-19
train,1705,2017-10-20
train,1706,2017-10-23
train,1707,2017-10-24
train,1708,2017-10-25
train,1709,2017-10-26
train,1710,2017-10-27
train,1711,2017-10-30
train,1712,2017-10-31
train,1713,2017-11-01
train,1714,2017-11-02
train,1715,2017-11-03
train,1716,2017-11-06
train,1717,2017-11-07
train,1718,2017-11-08
train,1719,2017-11-09
train,1720,2017-11-10
train,1721,2017-11-13
train,1722,2017-11-14
train,1723,2017-11-15
train,1724,2017-11-16
train,1725,2017-11-17
train,1726,2017-11-20
train,1727,2017-11-21
train,1728,2017-11-22
train,1729,2017-11-24
train,1730,2017-11-27
train,1731,2017-11-28
train,1732,2017-11-29
train,1733,2017-11-30
train,1734,2017-12-01
train,1735,2017-12-04
train,1736,2017-12-05
train,1737,2017-12-06
train,1738,2017-12-07
train,1739,2017-12-08
train,1740,2017-12-11
train,1741,2017-12-12
train,1742,2017-12-13
train,1743,2017-12-14
train,1744,2017-12-15
train,1745,2017-12-18
train,1746,2017-12-19
train,1747,2017-12-20
train,1748,2017-12-21
train,1749,2017-12-22
train,1750,2017-12-26
train,1751,2017-12-27
train,1752,2017-12-28
train,1753,2017-12-29
train,1754,2018-01-02
train,1755,2018-01-03
train,1756,2018-01-04
train,1757,2018-01-05
train,1758,2018-01-08
train,1759,2018-01-09
train,1760,2018-01-10
train,1761,2018-01-11
train,1762,2018-01-12
train,1763,2018-01-16
train,1764,2018-01-17
train,1765,2018-01-18
train,1766,2018-01-19
train,1767,2018-01-22
train,1768,2018-01-23
train,1769,2018-01-24
train,1770,2018-01-25
train,1771,2018-01-26
train,1772,2018-01-29
train,1773,2018-01-30
train,1774,2018-01-31
train,1775,2018-02-01
train,1776,2018-02-02
train,1777,2018-02-05
train,1778,2018-02-06
train,1779,2018-02-07
train,1780,2018-02-08
train,1781,2018-02-09
train,1782,2018-02-12
train,1783,2018-02-13
train,1784,2018-02-14
train,1785,2018-02-15
train,1786,2018-02-16
train,1787,2018-02-20
train,1788,2018-02-21
train,1789,2018-02-22
train,1790,2018-02-23
train,1791,2018-02-26
train,1792,2018-02-27
train,1793,2018-02-28
train,1794,2018-03-01
train,1795,2018-03-02
train,1796,2018-03-05
train,1797,2018-03-06
train,1798,2018-03-07
train,1799,2018-03-08
train,1800,2018-03-09
train,1801,2018-03-12
train,1802,2018-03-13
train,1803,2018-03-14
train,1804,2018-03-15
train,1805,2018-03-16
train,1806,2018-03-19
train,1807,2018-03-20
train,1808,2018-03-21
train,1809,2018-03-22
train,1810,2018-03-23
train,1811,2018-03-26
train,1812,2018-03-27
train,1813,2018-03-28
train,1814,2018-03-29
train,1815,2018-04-02
train,1816,2018-04-03
train,1817,2018-04-04
train,1818,2018-04-05
train,1819,2018-04-06
train,1820,2018-04-09
train,1821,2018-04-10
train,1822,2018-04-11
train,1823,2018-04-12
train,1824,2018-04-13
train,1825,2018-04-16
train,1826,2018-04-17
train,1827,2018-04-18
train,1828,2018-04-19
train,1829,2018-04-20
train,1830,2018-04-23
train,1831,2018-04-24
train,1832,2018-04-25
train,1833,2018-04-26
train,1834,2018-04-27
train,1835,2018-04-30
train,1836,2018-05-01
train,1837,2018-05-02
train,1838,2018-05-03
train,1839,2018-05-04
train,1840,2018-05-07
train,1841,2018-05-08
train,1842,2018-05-09
train,1843,2018-05-10
train,1844,2018-05-11
train,1845,2018-05-14
train,1846,2018-05-15
train,1847,2018-05-16
train,1848,2018-05-17
train,1849,2018-05-18
train,1850,2018-05-21
train,1851,2018-05-22
train,1852,2018-05-23
train,1853,2018-05-24
train,1854,2018-05-25
train,1855,2018-05-29
train,1856,2018-05-30
train,1857,2018-05-31
train,1858,2018-06-01
train,1859,2018-06-04
train,1860,2018-06-05
train,1861,2018-06-06
train,1862,2018-06-07
train,1863,2018-06-08
train,1864,2018-06-11
train,1865,2018-06-12
train,1866,2018-06-13
train,1867,2018-06-14
train,1868,2018-06-15
train,1869,2018-06-18
train,1870,2018-06-19
train,1871,2018-06-20
train,1872,2018-06-21
train,1873,2018-06-22
train,1874,2018-06-25
train,1875,2018-06-26
train,1876,2018-06-27
train,1877,2018-06-28
train,1878,2018-06-29
train,1879,2018-07-02
train,1880,2018-07-03
train,1881,2018-07-05
train,1882,2018-07-06
train,1883,2018-07-09
train,1884,2018-07-10
train,1885,2018-07-11
train,1886,2018-07-12
train,1887,2018-07-13
train,1888,2018-07-16
train,1889,2018-07-17
train,1890,2018-07-18
train,1891,2018-07-19
train,1892,2018-07-20
train,1893,2018-07-23
train,1894,2018-07-24
train,1895,2018-07-25
train,1896,2018-07-26
train,1897,2018-07-27
train,1898,2018-07-30
train,1899,2018-07-31
train,1900,2018-08-01
train,1901,2018-08-02
train,1902,2018-08-03
train,1903,2018-08-06
train,1904,2018-08-07
train,1905,2018-08-08
train,1906,2018-08-09
train,1907,2018-08-10
train,1908,2018-08-13
train,1909,2018-08-14
train,1910,2018-08-15
train,1911,2018-08-16
train,1912,2018-08-17
train,1913,2018-08-20
train,1914,2018-08-21
train,1915,2018-08-22
train,1916,2018-08-23
train,1917,2018-08-24
train,1918,2018-08-27
train,1919,2018-08-28
train,1920,2018-08-29
train,1921,2018-08-30
train,1922,2018-08-31
train,1923,2018-09-04
train,1924,2018-09-05
train,1925,2018-09-06
train,1926,2018-09-07
train,1927,2018-09-10
train,1928,2018-09-11
train,1929,2018-09-12
train,1930,2018-09-13
train,1931,2018-09-14
train,1932,2018-09-17
train,1933,2018-09-18
train,1934,2018-09-19
train,1935,2018-09-20
train,1936,2018-09-21
train,1937,2018-09-24
train,1938,2018-09-25
train,1939,2018-09-26
train,1940,2018-09-27
train,1941,2018-09-28
train,1942,2018-10-01
train,1943,2018-10-02
train,1944,2018-10-03
train,1945,2018-10-04
train,1946,2018-10-05
train,1947,2018-10-08
train,1948,2018-10-09
train,1949,2018-10-10
train,1950,2018-10-11
train,1951,2018-10-12
train,1952,2018-10-15
train,1953,2018-10-16
train,1954,2018-10-17
train,1955,2018-10-18
train,1956,2018-10-19
train,1957,2018-10-22
train,1958,2018-10-23
train,1959,2018-10-24
train,1960,2018-10-25
train,1961,2018-10-26
train,1962,2018-10-29
train,1963,2018-10-30
train,1964,2018-10-31
train,1965,2018-11-01
train,1966,2018-11-02
train,1967,2018-11-05
train,1968,2018-11-06
train,1969,2018-11-07
train,1970,2018-11-08
train,1971,2018-11-09
train,1972,2018-11-12
train,1973,2018-11-13
train,1974,2018-11-14
train,1975,2018-11-15
train,1976,2018-11-16
train,1977,2018-11-19
train,1978,2018-11-20
train,1979,2018-11-21
train,1980,2018-11-23
train,1981,2018-11-26
train,1982,2018-11-27
train,1983,2018-11-28
train,1984,2018-11-29
train,1985,2018-11-30
train,1986,2018-12-03
train,1987,2018-12-04
train,1988,2018-12-06
train,1989,2018-12-07
train,1990,2018-12-10
train,1991,2018-12-11
train,1992,2018-12-12
train,1993,2018-12-13
train,1994,2018-12-14
train,1995,2018-12-17
train,1996,2018-12-18
train,1997,2018-12-19
train,1998,2018-12-20
train,1999,2018-12-21
train,2000,2018-12-24
train,2001,2018-12-26
train,2002,2018-12-27
train,2003,2018-12-28
val,0,2020-01-10
val,1,2020-01-13
val,2,2020-01-14
val,3,2020-01-15
val,4,2020-01-16
val,5,2020-01-17
val,6,2020-01-21
val,7,2020-01-22
val,8,2020-01-23
val,9,2020-01-24
val,10,2020-01-27
val,11,2020-01-28
val,12,2020-01-29
val,13,2020-01-30
val,14,2020-01-31
val,15,2020-02-03
val,16,2020-02-04
val,17,2020-02-05
val,18,2020-02-06
val,19,2020-02-07
val,20,2020-02-10
val,21,2020-02-11
val,22,2020-02-12
val,23,2020-02-13
val,24,2020-02-14
val,25,2020-02-18
val,26,2020-02-19
val,27,2020-02-20
val,28,2020-02-21
val,29,2020-02-24
val,30,2020-02-25
val,31,2020-02-26
val,32,2020-02-27
val,33,2020-02-28
val,34,2020-03-02
val,35,2020-03-03
val,36,2020-03-04
val,37,2020-03-05
val,38,2020-03-06
val,39,2020-03-09
val,40,2020-03-10
val,41,2020-03-11
val,42,2020-03-12
val,43,2020-03-13
val,44,2020-03-16
val,45,2020-03-17
val,46,2020-03-18
val,47,2020-03-19
val,48,2020-03-20
val,49,2020-03-23
val,50,2020-03-24
val,51,2020-03-25
val,52,2020-03-26
val,53,2020-03-27
val,54,2020-03-30
val,55,2020-03-31
val,56,2020-04-01
val,57,2020-04-02
val,58,2020-04-03
val,59,2020-04-06
val,60,2020-04-07
val,61,2020-04-08
val,62,2020-04-09
val,63,2020-04-13
val,64,2020-04-14
val,65,2020-04-15
val,66,2020-04-16
val,67,2020-04-17
val,68,2020-04-20
val,69,2020-04-21
val,70,2020-04-22
val,71,2020-04-23
val,72,2020-04-24
val,73,2020-04-27
val,74,2020-04-28
val,75,2020-04-29
val,76,2020-04-30
val,77,2020-05-01
val,78,2020-05-04
val,79,2020-05-05
val,80,2020-05-06
val,81,2020-05-07
val,82,2020-05-08
val,83,2020-05-11
val,84,2020-05-12
val,85,2020-05-13
val,86,2020-05-14
val,87,2020-05-15
val,88,2020-05-18
val,89,2020-05-19
val,90,2020-05-20
val,91,2020-05-21
val,92,2020-05-22
val,93,2020-05-26
val,94,2020-05-27
val,95,2020-05-28
val,96,2020-05-29
val,97,2020-06-01
val,98,2020-06-02
val,99,2020-06-03
val,100,2020-06-04
val,101,2020-06-05
val,102,2020-06-08
val,103,2020-06-09
val,104,2020-06-10
val,105,2020-06-11
val,106,2020-06-12
val,107,2020-06-15
val,108,2020-06-16
val,109,2020-06-17
val,110,2020-06-18
val,111,2020-06-19
val,112,2020-06-22
val,113,2020-06-23
val,114,2020-06-24
val,115,2020-06-25
val,116,2020-06-26
val,117,2020-06-29
val,118,2020-06-30
val,119,2020-07-01
val,120,2020-07-02
val,121,2020-07-06
val,122,2020-07-07
val,123,2020-07-08
val,124,2020-07-09
val,125,2020-07-10
val,126,2020-07-13
val,127,2020-07-14
val,128,2020-07-15
val,129,2020-07-16
val,130,2020-07-17
val,131,2020-07-20
val,132,2020-07-21
val,133,2020-07-22
val,134,2020-07-23
val,135,2020-07-24
val,136,2020-07-27
val,137,2020-07-28
val,138,2020-07-29
val,139,2020-07-30
val,140,2020-07-31
val,141,2020-08-03
val,142,2020-08-04
val,143,2020-08-05
val,144,2020-08-06
val,145,2020-08-07
val,146,2020-08-10
val,147,2020-08-11
val,148,2020-08-12
val,149,2020-08-13
val,150,2020-08-14
val,151,2020-08-17
val,152,2020-08-18
val,153,2020-08-19
val,154,2020-08-20
val,155,2020-08-21
val,156,2020-08-24
val,157,2020-08-25
val,158,2020-08-26
val,159,2020-08-27
val,160,2020-08-28
val,161,2020-08-31
val,162,2020-09-01
val,163,2020-09-02
val,164,2020-09-03
val,165,2020-09-04
val,166,2020-09-08
val,167,2020-09-09
val,168,2020-09-10
val,169,2020-09-11
val,170,2020-09-14
val,171,2020-09-15
val,172,2020-09-16
val,173,2020-09-17
val,174,2020-09-18
val,175,2020-09-21
val,176,2020-09-22
val,177,2020-09-23
val,178,2020-09-24
val,179,2020-09-25
val,180,2020-09-28
val,181,2020-09-29
val,182,2020-09-30
val,183,2020-10-01
val,184,2020-10-02
val,185,2020-10-05
val,186,2020-10-06
val,187,2020-10-07
val,188,2020-10-08
val,189,2020-10-09
val,190,2020-10-12
val,191,2020-10-13
val,192,2020-10-14
val,193,2020-10-15
val,194,2020-10-16
val,195,2020-10-19
val,196,2020-10-20
val,197,2020-10-21
val,198,2020-10-22
val,199,2020-10-23
val,200,2020-10-26
val,201,2020-10-27
val,202,2020-10-28
val,203,2020-10-29
val,204,2020-10-30
val,205,2020-11-02
val,206,2020-11-03
val,207,2020-11-04
val,208,2020-11-05
val,209,2020-11-06
val,210,2020-11-09
val,211,2020-11-10
val,212,2020-11-11
val,213,2020-11-12
val,214,2020-11-13
val,215,2020-11-16
val,216,2020-11-17
val,217,2020-11-18
val,218,2020-11-19
val,219,2020-11-20
val,220,2020-11-23
val,221,2020-11-24
val,222,2020-11-25
val,223,2020-11-27
val,224,2020-11-30
val,225,2020-12-01
val,226,2020-12-02
val,227,2020-12-03
val,228,2020-12-04
val,229,2020-12-07
val,230,2020-12-08
val,231,2020-12-09
val,232,2020-12-10
val,233,2020-12-11
val,234,2020-12-14
val,235,2020-12-15
val,236,2020-12-16
val,237,2020-12-17
val,238,2020-12-18
val,239,2020-12-21
val,240,2020-12-22
val,241,2020-12-23
val,242,2020-12-24
val,243,2020-12-28
val,244,2020-12-29
val,245,2020-12-30
test,0,2022-01-11
test,1,2022-01-12
test,2,2022-01-13
test,3,2022-01-14
test,4,2022-01-18
test,5,2022-01-19
test,6,2022-01-20
test,7,2022-01-21
test,8,2022-01-24
test,9,2022-01-25
test,10,2022-01-26
test,11,2022-01-27
test,12,2022-01-28
test,13,2022-01-31
test,14,2022-02-01
test,15,2022-02-02
test,16,2022-02-03
test,17,2022-02-04
test,18,2022-02-07
test,19,2022-02-08
test,20,2022-02-09
test,21,2022-02-10
test,22,2022-02-11
test,23,2022-02-14
test,24,2022-02-15
test,25,2022-02-16
test,26,2022-02-17
test,27,2022-02-18
test,28,2022-02-22
test,29,2022-02-23
test,30,2022-02-24
test,31,2022-02-25
test,32,2022-02-28
test,33,2022-03-01
test,34,2022-03-02
test,35,2022-03-03
test,36,2022-03-04
test,37,2022-03-07
test,38,2022-03-08
test,39,2022-03-09
test,40,2022-03-10
test,41,2022-03-11
test,42,2022-03-14
test,43,2022-03-15
test,44,2022-03-16
test,45,2022-03-17
test,46,2022-03-18
test,47,2022-03-21
test,48,2022-03-22
test,49,2022-03-23
test,50,2022-03-24
test,51,2022-03-25
test,52,2022-03-28
test,53,2022-03-29
test,54,2022-03-30
test,55,2022-03-31
test,56,2022-04-01
test,57,2022-04-04
test,58,2022-04-05
test,59,2022-04-06
test,60,2022-04-07
test,61,2022-04-08
test,62,2022-04-11
test,63,2022-04-12
test,64,2022-04-13
test,65,2022-04-14
test,66,2022-04-18
test,67,2022-04-19
test,68,2022-04-20
test,69,2022-04-21
test,70,2022-04-22
test,71,2022-04-25
test,72,2022-04-26
test,73,2022-04-27
test,74,2022-04-28
test,75,2022-04-29
test,76,2022-05-02
test,77,2022-05-03
test,78,2022-05-04
test,79,2022-05-05
test,80,2022-05-06
test,81,2022-05-09
test,82,2022-05-10
test,83,2022-05-11
test,84,2022-05-12
test,85,2022-05-13
test,86,2022-05-16
test,87,2022-05-17
test,88,2022-05-18
test,89,2022-05-19
test,90,2022-05-20
test,91,2022-05-23
test,92,2022-05-24
test,93,2022-05-25
test,94,2022-05-26
test,95,2022-05-27
test,96,2022-05-31
test,97,2022-06-01
test,98,2022-06-02
test,99,2022-06-03
test,100,2022-06-06
test,101,2022-06-07
test,102,2022-06-08
test,103,2022-06-09
test,104,2022-06-10
test,105,2022-06-13
test,106,2022-06-14
test,107,2022-06-15
test,108,2022-06-16
test,109,2022-06-17
test,110,2022-06-21
test,111,2022-06-22
test,112,2022-06-23
test,113,2022-06-24
test,114,2022-06-27
test,115,2022-06-28
test,116,2022-06-29
test,117,2022-06-30
test,118,2022-07-01
test,119,2022-07-05
test,120,2022-07-06
test,121,2022-07-07
test,122,2022-07-08
test,123,2022-07-11
test,124,2022-07-12
test,125,2022-07-13
test,126,2022-07-14
test,127,2022-07-15
test,128,2022-07-18
test,129,2022-07-19
test,130,2022-07-20
test,131,2022-07-21
test,132,2022-07-22
test,133,2022-07-25
test,134,2022-07-26
test,135,2022-07-27
test,136,2022-07-28
test,137,2022-07-29
test,138,2022-08-01
test,139,2022-08-02
test,140,2022-08-03
test,141,2022-08-04
test,142,2022-08-05
test,143,2022-08-08
test,144,2022-08-09
test,145,2022-08-10
test,146,2022-08-11
test,147,2022-08-12
test,148,2022-08-15
test,149,2022-08-16
test,150,2022-08-17
test,151,2022-08-18
test,152,2022-08-19
test,153,2022-08-22
test,154,2022-08-23
test,155,2022-08-24
test,156,2022-08-25
test,157,2022-08-26
test,158,2022-08-29
test,159,2022-08-30
test,160,2022-08-31
test,161,2022-09-01
test,162,2022-09-02
test,163,2022-09-06
test,164,2022-09-07
test,165,2022-09-08
test,166,2022-09-09
test,167,2022-09-12
test,168,2022-09-13
test,169,2022-09-14
test,170,2022-09-15
test,171,2022-09-16
test,172,2022-09-19
test,173,2022-09-20
test,174,2022-09-21
test,175,2022-09-22
test,176,2022-09-23
test,177,2022-09-26
test,178,2022-09-27
test,179,2022-09-28
test,180,2022-09-29
test,181,2022-09-30
test,182,2022-10-03
test,183,2022-10-04
test,184,2022-10-05
test,185,2022-10-06
test,186,2022-10-07
test,187,2022-10-10
test,188,2022-10-11
test,189,2022-10-12
test,190,2022-10-13
test,191,2022-10-14
test,192,2022-10-17
test,193,2022-10-18
test,194,2022-10-19
test,195,2022-10-20
test,196,2022-10-21
test,197,2022-10-24
test,198,2022-10-25
test,199,2022-10-26
test,200,2022-10-27
test,201,2022-10-28
test,202,2022-10-31
test,203,2022-11-01
test,204,2022-11-02
test,205,2022-11-03
test,206,2022-11-04
test,207,2022-11-07
test,208,2022-11-08
test,209,2022-11-09
test,210,2022-11-10
test,211,2022-11-11
test,212,2022-11-14
test,213,2022-11-15
test,214,2022-11-16
test,215,2022-11-17
test,216,2022-11-18
test,217,2022-11-21
test,218,2022-11-22
test,219,2022-11-23
test,220,2022-11-25
test,221,2022-11-28
test,222,2022-11-29
test,223,2022-11-30
test,224,2022-12-01
test,225,2022-12-02
test,226,2022-12-05
test,227,2022-12-06
test,228,2022-12-07
test,229,2022-12-08
test,230,2022-12-09
test,231,2022-12-12
test,232,2022-12-13
test,233,2022-12-14
test,234,2022-12-15
test,235,2022-12-16
test,236,2022-12-19
test,237,2022-12-20
test,238,2022-12-21
test,239,2022-12-22
test,240,2022-12-23
test,241,2022-12-27
test,242,2022-12-28
test,243,2022-12-29
test,244,2022-12-30
test,245,2023-01-03
test,246,2023-01-04
test,247,2023-01-05
test,248,2023-01-06
test,249,2023-01-09
test,250,2023-01-10
test,251,2023-01-11
test,252,2023-01-12
test,253,2023-01-13
test,254,2023-01-17
test,255,2023-01-18
test,256,2023-01-19
test,257,2023-01-20
test,258,2023-01-23
test,259,2023-01-24
test,260,2023-01-25
test,261,2023-01-26
test,262,2023-01-27
test,263,2023-01-30
test,264,2023-01-31
test,265,2023-02-01
test,266,2023-02-02
test,267,2023-02-03
test,268,2023-02-06
test,269,2023-02-07
test,270,2023-02-08
test,271,2023-02-09
test,272,2023-02-10
test,273,2023-02-13
test,274,2023-02-14
test,275,2023-02-15
test,276,2023-02-16
test,277,2023-02-17
test,278,2023-02-21
test,279,2023-02-22
test,280,2023-02-23
test,281,2023-02-24
test,282,2023-02-27
test,283,2023-02-28
test,284,2023-03-01
test,285,2023-03-02
test,286,2023-03-03
test,287,2023-03-06
test,288,2023-03-07
test,289,2023-03-08
test,290,2023-03-09
test,291,2023-03-10
test,292,2023-03-13
test,293,2023-03-14
test,294,2023-03-15
test,295,2023-03-16
test,296,2023-03-17
test,297,2023-03-20
test,298,2023-03-21
test,299,2023-03-22
test,300,2023-03-23
test,301,2023-03-24
test,302,2023-03-27
test,303,2023-03-28
test,304,2023-03-29
test,305,2023-03-30
test,306,2023-03-31
test,307,2023-04-03
test,308,2023-04-04
test,309,2023-04-05
test,310,2023-04-06
test,311,2023-04-10
test,312,2023-04-11
test,313,2023-04-12
test,314,2023-04-13
test,315,2023-04-14
test,316,2023-04-17
test,317,2023-04-18
test,318,2023-04-19
test,319,2023-04-20
test,320,2023-04-21
test,321,2023-04-24
test,322,2023-04-25
test,323,2023-04-26
test,324,2023-04-27
test,325,2023-04-28
test,326,2023-05-01
test,327,2023-05-02
test,328,2023-05-03
test,329,2023-05-04
test,330,2023-05-05
test,331,2023-05-08
test,332,2023-05-09
test,333,2023-05-10
test,334,2023-05-11
test,335,2023-05-12
test,336,2023-05-15
test,337,2023-05-16
test,338,2023-05-17
test,339,2023-05-18
test,340,2023-05-19
test,341,2023-05-22
test,342,2023-05-23
test,343,2023-05-24
test,344,2023-05-25
test,345,2023-05-26
test,346,2023-05-30
test,347,2023-05-31
test,348,2023-06-01
test,349,2023-06-02
test,350,2023-06-05
test,351,2023-06-06
test,352,2023-06-07
test,353,2023-06-08
test,354,2023-06-09
test,355,2023-06-12
test,356,2023-06-13
test,357,2023-06-14
test,358,2023-06-15
test,359,2023-06-16
test,360,2023-06-20
test,361,2023-06-21
test,362,2023-06-22
test,363,2023-06-23
test,364,2023-06-26
test,365,2023-06-27
test,366,2023-06-28
test,367,2023-06-29
test,368,2023-06-30
test,369,2023-07-03
test,370,2023-07-05
test,371,2023-07-06
test,372,2023-07-07
test,373,2023-07-10
test,374,2023-07-11
test,375,2023-07-12
test,376,2023-07-13
test,377,2023-07-14
test,378,2023-07-17
test,379,2023-07-18
test,380,2023-07-19
test,381,2023-07-20
test,382,2023-07-21
test,383,2023-07-24
test,384,2023-07-25
test,385,2023-07-26
test,386,2023-07-27
test,387,2023-07-28
test,388,2023-07-31
test,389,2023-08-01
test,390,2023-08-02
test,391,2023-08-03
test,392,2023-08-04
test,393,2023-08-07
test,394,2023-08-08
test,395,2023-08-09
test,396,2023-08-10
test,397,2023-08-11
test,398,2023-08-14
test,399,2023-08-15
test,400,2023-08-16
test,401,2023-08-17
test,402,2023-08-18
test,403,2023-08-21
test,404,2023-08-22
test,405,2023-08-23
test,406,2023-08-24
test,407,2023-08-25
test,408,2023-08-28
test,409,2023-08-29
test,410,2023-08-30
test,411,2023-08-31
test,412,2023-09-01
test,413,2023-09-05
test,414,2023-09-06
test,415,2023-09-07
test,416,2023-09-08
test,417,2023-09-11
test,418,2023-09-12
test,419,2023-09-13
test,420,2023-09-14
test,421,2023-09-15
test,422,2023-09-18
test,423,2023-09-19
test,424,2023-09-20
test,425,2023-09-21
test,426,2023-09-22
test,427,2023-09-25
test,428,2023-09-26
test,429,2023-09-27
test,430,2023-09-28
test,431,2023-09-29
test,432,2023-10-02
test,433,2023-10-03
test,434,2023-10-04
test,435,2023-10-05
test,436,2023-10-06
test,437,2023-10-09
test,438,2023-10-10
test,439,2023-10-11
test,440,2023-10-12
test,441,2023-10-13
test,442,2023-10-16
test,443,2023-10-17
test,444,2023-10-18
test,445,2023-10-19
test,446,2023-10-20
test,447,2023-10-23
test,448,2023-10-24
test,449,2023-10-25
test,450,2023-10-26
test,451,2023-10-27
test,452,2023-10-30
test,453,2023-10-31
test,454,2023-11-01
test,455,2023-11-02
test,456,2023-11-03
test,457,2023-11-06
test,458,2023-11-07
test,459,2023-11-08
test,460,2023-11-09
test,461,2023-11-10
test,462,2023-11-13
test,463,2023-11-14
test,464,2023-11-15
test,465,2023-11-16
test,466,2023-11-17
test,467,2023-11-20
test,468,2023-11-21
test,469,2023-11-22
test,470,2023-11-24
test,471,2023-11-27
test,472,2023-11-28
test,473,2023-11-29
test,474,2023-11-30
test,475,2023-12-01
test,476,2023-12-04
test,477,2023-12-05
test,478,2023-12-06
test,479,2023-12-07
test,480,2023-12-08
test,481,2023-12-11
test,482,2023-12-12
test,483,2023-12-13
test,484,2023-12-14
test,485,2023-12-15
test,486,2023-12-18
test,487,2023-12-19
test,488,2023-12-20
test,489,2023-12-21
test,490,2023-12-22
test,491,2023-12-26
test,492,2023-12-27
test,493,2023-12-28
test,494,2023-12-29
test,495,2024-01-02
test,496,2024-01-03
test,497,2024-01-04
test,498,2024-01-05
test,499,2024-01-08
test,500,2024-01-09
test,501,2024-01-10
test,502,2024-01-11
test,503,2024-01-12
test,504,2024-01-16
test,505,2024-01-17
test,506,2024-01-18
test,507,2024-01-19
test,508,2024-01-22
test,509,2024-01-23
test,510,2024-01-24
test,511,2024-01-25
test,512,2024-01-26
test,513,2024-01-29
test,514,2024-01-30
test,515,2024-01-31
test,516,2024-02-01
test,517,2024-02-02
test,518,2024-02-05
test,519,2024-02-06
test,520,2024-02-07
test,521,2024-02-08
test,522,2024-02-09
test,523,2024-02-12
test,524,2024-02-13
test,525,2024-02-14
test,526,2024-02-15
test,527,2024-02-16
test,528,2024-02-20
test,529,2024-02-21
test,530,2024-02-22
test,531,2024-02-23
test,532,2024-02-26
test,533,2024-02-27
test,534,2024-02-28
test,535,2024-02-29
test,536,2024-03-01
test,537,2024-03-04
test,538,2024-03-05
test,539,2024-03-06
test,540,2024-03-07
test,541,2024-03-08
test,542,2024-03-11
test,543,2024-03-12
test,544,2024-03-13
test,545,2024-03-14
test,546,2024-03-15
test,547,2024-03-18
test,548,2024-03-19
test,549,2024-03-20
test,550,2024-03-21
test,551,2024-03-22
test,552,2024-03-25
test,553,2024-03-26
test,554,2024-03-27
test,555,2024-03-28
test,556,2024-04-01
test,557,2024-04-02
test,558,2024-04-03
test,559,2024-04-04
test,560,2024-04-05
test,561,2024-04-08
test,562,2024-04-09
test,563,2024-04-10
test,564,2024-04-11
test,565,2024-04-12
test,566,2024-04-15
test,567,2024-04-16
test,568,2024-04-17
test,569,2024-04-18
test,570,2024-04-19
test,571,2024-04-22
test,572,2024-04-23
test,573,2024-04-24
test,574,2024-04-25
test,575,2024-04-26
test,576,2024-04-29
test,577,2024-04-30
test,578,2024-05-01
test,579,2024-05-02
test,580,2024-05-03
test,581,2024-05-06
test,582,2024-05-07
test,583,2024-05-08
test,584,2024-05-09
test,585,2024-05-10
test,586,2024-05-13
test,587,2024-05-14
test,588,2024-05-15
test,589,2024-05-16
test,590,2024-05-17
test,591,2024-05-20
test,592,2024-05-21
test,593,2024-05-22
test,594,2024-05-23
test,595,2024-05-24
test,596,2024-05-28
test,597,2024-05-29
test,598,2024-05-30
test,599,2024-05-31
test,600,2024-06-03
test,601,2024-06-04
test,602,2024-06-05
test,603,2024-06-06
test,604,2024-06-07
test,605,2024-06-10
test,606,2024-06-11
test,607,2024-06-12
test,608,2024-06-13
test,609,2024-06-14
test,610,2024-06-17
test,611,2024-06-18
test,612,2024-06-20
test,613,2024-06-21
test,614,2024-06-24
test,615,2024-06-25
test,616,2024-06-26
test,617,2024-06-27
test,618,2024-06-28
test,619,2024-07-01
test,620,2024-07-02
test,621,2024-07-03
test,622,2024-07-05
test,623,2024-07-08
test,624,2024-07-09
test,625,2024-07-10
test,626,2024-07-11
test,627,2024-07-12
test,628,2024-07-15
test,629,2024-07-16
test,630,2024-07-17
test,631,2024-07-18
test,632,2024-07-19
test,633,2024-07-22
test,634,2024-07-23
test,635,2024-07-24
test,636,2024-07-25
test,637,2024-07-26
test,638,2024-07-29
test,639,2024-07-30
test,640,2024-07-31
test,641,2024-08-01
test,642,2024-08-02
test,643,2024-08-05
test,644,2024-08-06
test,645,2024-08-07
test,646,2024-08-08
test,647,2024-08-09
test,648,2024-08-12
test,649,2024-08-13
test,650,2024-08-14
test,651,2024-08-15
test,652,2024-08-16
test,653,2024-08-19
test,654,2024-08-20
test,655,2024-08-21
test,656,2024-08-22
test,657,2024-08-23
test,658,2024-08-26
test,659,2024-08-27
test,660,2024-08-28
test,661,2024-08-29
test,662,2024-08-30
test,663,2024-09-03
test,664,2024-09-04
test,665,2024-09-05
test,666,2024-09-06
test,667,2024-09-09
test,668,2024-09-10
test,669,2024-09-11
test,670,2024-09-12
test,671,2024-09-13
test,672,2024-09-16
test,673,2024-09-17
test,674,2024-09-18
test,675,2024-09-19
test,676,2024-09-20
test,677,2024-09-23
test,678,2024-09-24
test,679,2024-09-25
test,680,2024-09-26
test,681,2024-09-27
test,682,2024-09-30
test,683,2024-10-01
test,684,2024-10-02
test,685,2024-10-03
test,686,2024-10-04
test,687,2024-10-07
test,688,2024-10-08
test,689,2024-10-09
test,690,2024-10-10
test,691,2024-10-11
test,692,2024-10-14
test,693,2024-10-15
test,694,2024-10-16
test,695,2024-10-17
test,696,2024-10-18
test,697,2024-10-21
test,698,2024-10-22
test,699,2024-10-23
test,700,2024-10-24
test,701,2024-10-25
test,702,2024-10-28
test,703,2024-10-29
test,704,2024-10-30
test,705,2024-10-31
test,706,2024-11-01
test,707,2024-11-04
test,708,2024-11-05
test,709,2024-11-06
test,710,2024-11-07
test,711,2024-11-08
test,712,2024-11-11
test,713,2024-11-12
test,714,2024-11-13
test,715,2024-11-14
test,716,2024-11-15
test,717,2024-11-18
test,718,2024-11-19
test,719,2024-11-20
test,720,2024-11-21
test,721,2024-11-22
test,722,2024-11-25
test,723,2024-11-26
test,724,2024-11-27
test,725,2024-11-29
test,726,2024-12-02
test,727,2024-12-03
test,728,2024-12-04
test,729,2024-12-05
test,730,2024-12-06
test,731,2024-12-09
test,732,2024-12-10
test,733,2024-12-11
test,734,2024-12-12
test,735,2024-12-13
test,736,2024-12-16
test,737,2024-12-17
test,738,2024-12-18
test,739,2024-12-19
test,740,2024-12-20
test,741,2024-12-23
test,742,2024-12-24
test,743,2024-12-26
test,744,2024-12-27
test,745,2024-12-30
test,746,2024-12-31
test,747,2025-01-02
test,748,2025-01-03
test,749,2025-01-06
test,750,2025-01-07
test,751,2025-01-08
test,752,2025-01-10
test,753,2025-01-13
test,754,2025-01-14
test,755,2025-01-15
test,756,2025-01-16
test,757,2025-01-17
test,758,2025-01-21
test,759,2025-01-22
test,760,2025-01-23
test,761,2025-01-24
test,762,2025-01-27
test,763,2025-01-28
test,764,2025-01-29
test,765,2025-01-30
test,766,2025-01-31
test,767,2025-02-03
test,768,2025-02-04
test,769,2025-02-05
test,770,2025-02-06
test,771,2025-02-07
test,772,2025-02-10
test,773,2025-02-11
test,774,2025-02-12
test,775,2025-02-13
test,776,2025-02-14
test,777,2025-02-18
test,778,2025-02-19
test,779,2025-02-20
test,780,2025-02-21
test,781,2025-02-24
test,782,2025-02-25
test,783,2025-02-26
test,784,2025-02-27
test,785,2025-02-28
test,786,2025-03-03
test,787,2025-03-04
test,788,2025-03-05
test,789,2025-03-06
test,790,2025-03-07
test,791,2025-03-10
test,792,2025-03-11
test,793,2025-03-12
test,794,2025-03-13
test,795,2025-03-14
test,796,2025-03-17
test,797,2025-03-18
test,798,2025-03-19
test,799,2025-03-20
test,800,2025-03-21
test,801,2025-03-24
test,802,2025-03-25
test,803,2025-03-26
test,804,2025-03-27
test,805,2025-03-28
test,806,2025-03-31
test,807,2025-04-01
test,808,2025-04-02
test,809,2025-04-03
test,810,2025-04-04
test,811,2025-04-07
test,812,2025-04-08
test,813,2025-04-09
test,814,2025-04-10
test,815,2025-04-11
test,816,2025-04-14
test,817,2025-04-15
test,818,2025-04-16
test,819,2025-04-17
test,820,2025-04-21
test,821,2025-04-22
test,822,2025-04-23
test,823,2025-04-24
test,824,2025-04-25
test,825,2025-04-28
test,826,2025-04-29
test,827,2025-04-30
test,828,2025-05-01
test,829,2025-05-02
test,830,2025-05-05
test,831,2025-05-06
test,832,2025-05-07
test,833,2025-05-08
test,834,2025-05-09
test,835,2025-05-12
test,836,2025-05-13
test,837,2025-05-14
test,838,2025-05-15
test,839,2025-05-16
test,840,2025-05-19
test,841,2025-05-20
test,842,2025-05-21
test,843,2025-05-22
test,844,2025-05-23
test,845,2025-05-27
test,846,2025-05-28
test,847,2025-05-29
test,848,2025-05-30
test,849,2025-06-02
test,850,2025-06-03
test,851,2025-06-04
test,852,2025-06-05
test,853,2025-06-06
test,854,2025-06-09
test,855,2025-06-10
test,856,2025-06-11
test,857,2025-06-12
test,858,2025-06-13
test,859,2025-06-16
test,860,2025-06-17
test,861,2025-06-18
test,862,2025-06-20
test,863,2025-06-23
test,864,2025-06-24
test,865,2025-06-25
test,866,2025-06-26
test,867,2025-06-27
test,868,2025-06-30
test,869,2025-07-01
test,870,2025-07-02
test,871,2025-07-03
test,872,2025-07-07
test,873,2025-07-08
test,874,2025-07-09
test,875,2025-07-10
test,876,2025-07-11
test,877,2025-07-14
test,878,2025-07-15
test,879,2025-07-16
test,880,2025-07-17
test,881,2025-07-18
test,882,2025-07-21
test,883,2025-07-22
test,884,2025-07-23
test,885,2025-07-24
test,886,2025-07-25
test,887,2025-07-28
test,888,2025-07-29
test,889,2025-07-30
test,890,2025-07-31
test,891,2025-08-01
test,892,2025-08-04
test,893,2025-08-05
test,894,2025-08-06
test,895,2025-08-07
test,896,2025-08-08
test,897,2025-08-11
test,898,2025-08-12
test,899,2025-08-13
test,900,2025-08-14
test,901,2025-08-15
test,902,2025-08-18
test,903,2025-08-19
test,904,2025-08-20
test,905,2025-08-21
test,906,2025-08-22
test,907,2025-08-25
test,908,2025-08-26
test,909,2025-08-27
test,910,2025-08-28
test,911,2025-08-29
test,912,2025-09-02
test,913,2025-09-03
test,914,2025-09-04
test,915,2025-09-05
test,916,2025-09-08
test,917,2025-09-09
test,918,2025-09-10
test,919,2025-09-11
test,920,2025-09-12
test,921,2025-09-15
test,922,2025-09-16
test,923,2025-09-17
test,924,2025-09-18
test,925,2025-09-19
test,926,2025-09-22
test,927,2025-09-23
test,928,2025-09-24
test,929,2025-09-25
test,930,2025-09-26
test,931,2025-09-29
test,932,2025-09-30
test,933,2025-10-01
test,934,2025-10-02
test,935,2025-10-03
test,936,2025-10-06
test,937,2025-10-07
test,938,2025-10-08
test,939,2025-10-09
test,940,2025-10-10
test,941,2025-10-13
test,942,2025-10-14
test,943,2025-10-15
test,944,2025-10-16
test,945,2025-10-17
test,946,2025-10-20
test,947,2025-10-21
test,948,2025-10-22
test,949,2025-10-23
test,950,2025-10-24
test,951,2025-10-27
test,952,2025-10-28
test,953,2025-10-29
test,954,2025-10-30
test,955,2025-10-31
test,956,2025-11-03
test,957,2025-11-04
test,958,2025-11-05
test,959,2025-11-06
test,960,2025-11-07
test,961,2025-11-10
test,962,2025-11-11
test,963,2025-11-12
test,964,2025-11-13
test,965,2025-11-14
test,966,2025-11-17
test,967,2025-11-18
test,968,2025-11-19
test,969,2025-11-20
test,970,2025-11-21
test,971,2025-11-24
test,972,2025-11-25
test,973,2025-11-26
test,974,2025-11-28
test,975,2025-12-01
test,976,2025-12-02
test,977,2025-12-03
test,978,2025-12-04
test,979,2025-12-05
test,980,2025-12-08
test,981,2025-12-09
test,982,2025-12-10
test,983,2025-12-11
test,984,2025-12-12
test,985,2025-12-15
test,986,2025-12-16
test,987,2025-12-17
test,988,2025-12-18
test,989,2025-12-19
test,990,2025-12-22
test,991,2025-12-23
test,992,2025-12-24
test,993,2025-12-26
test,994,2025-12-29
test,995,2025-12-30
