ticker,real_mean,gen_mean,real_std,gen_std,real_skew,gen_skew,real_kurt,gen_kurt,wasserstein,ks_stat,ks_pvalue,kurt_gap,skew_gap
AAPL,0.0006387089,0.00086261274,0.016018191,0.016256098,-0.3347955,-0.059934784,4.852032,6.818741,0.0004820179733267681,0.016103960396039563,0.6712043887426891,1.9667087,0.2748607
ABT,0.0006135943,0.000683628,0.011886017,0.011768428,-0.70322925,-0.07238737,5.7309046,6.2954807,0.00039895670135638574,0.015910891089108925,0.6857325635493565,0.56457615,0.63084185
ACN,0.0006064293,0.00052793085,0.01370188,0.012835484,-0.6704373,-0.37413678,7.5507345,8.312314,0.0005359443313951782,0.012678217821782245,0.9005914864834307,0.7615795,0.2963005
ADBE,0.0009832885,0.0007142239,0.016931402,0.016098626,0.11137826,-0.13817154,5.79045,6.327879,0.0006569745012751235,0.02199009900990101,0.2840366635392857,0.53742886,0.2495498
AIG,-2.1731219e-05,-0.00023301678,0.017125186,0.01695379,-0.2930149,-0.39730245,5.081979,12.405027,0.0007244388250707075,0.023663366336633684,0.20937503533243584,7.3230486,0.104287535
ALL,0.000536597,0.00034295893,0.012069661,0.0111223,-0.41618922,-0.22910847,7.9042892,5.542283,0.00048799828263567784,0.019346534653465364,0.4370611416271073,2.3620062,0.18708076
AMGN,0.00065080123,0.0006193586,0.014700794,0.01426364,-0.11559359,-0.060923122,3.2395363,6.007905,0.0006784096277319598,0.019400990099009863,0.43349024533946123,2.7683687,0.054670468
AMZN,0.0010122109,0.0009707971,0.019730473,0.018629568,0.14009376,0.16582072,8.180728,10.128784,0.0008534351617831666,0.03400990099009904,0.019122261234633425,1.9480562,0.02572696
AXP,0.0003851453,0.00012036885,0.013761478,0.013480049,-0.5899159,-0.37721175,7.88264,7.778158,0.00047038332089330346,0.020356435643564347,0.3735922102466587,0.1044817,0.21270412
BA,0.00084834464,0.00072051166,0.014762231,0.014541064,-0.32302198,-0.20038903,3.8379698,6.600854,0.0005217305701119222,0.020193069306930655,0.38345331326362875,2.7628841,0.12263295
BAC,0.00034029697,-0.00031036013,0.020781359,0.019462878,-0.49976867,-0.12612672,11.224396,5.9930525,0.0008795514851755254,0.028094059405940564,0.08349522784555363,5.2313433,0.37364197
BIIB,0.00071470824,0.0005689048,0.020654406,0.019439364,-0.29247117,0.20506929,17.409546,11.533497,0.0008226864882505023,0.016044554455445503,0.6756787919126952,5.876049,0.49754047
BK,0.00028398284,5.270685e-05,0.015388762,0.015374622,-0.42937353,-0.14955679,3.8191967,5.3825436,0.0005597745322814455,0.02670297029702967,0.11336204575502251,1.5633469,0.27981675
BKNG,0.00069116754,0.0006558697,0.018133434,0.016971307,-0.8299652,0.098503746,12.031277,8.17451,0.000629393929659243,0.017222772277227794,0.5870980101752071,3.8567667,0.92846894
BLK,0.0004427158,8.15019e-05,0.015704678,0.015528216,-0.25687024,-0.27861935,4.112914,6.797039,0.0005745993083484694,0.022202970297029778,0.27359189070133005,2.684125,0.021749109
BMY,0.00042446275,0.0005648398,0.014756307,0.013478751,-1.4343538,-0.27752802,15.998035,9.646611,0.0007931299683248347,0.02203960396039603,0.28158254116376547,6.351424,1.1568258
C,5.0167546e-05,-0.00042776018,0.019397983,0.018272638,-0.521133,-0.14504457,7.483262,5.2955065,0.0009489605669413563,0.02774257425742571,0.0903351031485119,2.1877556,0.37608844
CAT,0.00022773411,3.9958784e-05,0.016671838,0.016162468,-0.30207598,-0.20539346,2.92878,5.7615147,0.0007178872724986321,0.021287128712871306,0.3205353985861211,2.8327346,0.09668252
CHTR,0.0009901915,0.00076237274,0.017725153,0.016853284,0.03140361,0.15970501,4.8225374,6.994688,0.0007079206220385093,0.022673267326732693,0.25150759824256264,2.1721506,0.12830141
CL,0.00027144892,0.0003554866,0.010303415,0.009639869,-0.30191466,-0.3302103,4.3583755,4.9653687,0.00045686747614055105,0.0182376237623762,0.5130703171043695,0.6069932,0.028295636
CMCSA,0.0006168001,0.00056724274,0.013678382,0.01383213,-0.32833347,-0.11827909,2.3986683,7.4959373,0.0006607172492518947,0.024930693069306953,0.16361371244234768,5.097269,0.21005437
COF,0.0003150217,-0.00015886281,0.016351359,0.015965173,-0.4889334,-0.29193488,7.0923195,6.67766,0.0006079347321729124,0.023762376237623783,0.2054780450924255,0.4146595,0.19699854
COP,0.00020097545,-5.321497e-05,0.01711587,0.016246006,-0.18205033,-0.21305308,3.2974758,4.9092894,0.0007248538408201437,0.02182178217821784,0.292494798960404,1.6118135,0.031002745
COST,0.00059976,0.0006371952,0.011434652,0.010948772,-0.66329265,-0.20406346,6.9987946,7.6265907,0.00042374707683953526,0.017292079207920752,0.5819443567737481,0.6277962,0.45922917
CSCO,0.0004674463,0.00036198762,0.015308198,0.014155053,-0.20333536,-0.011371147,16.637295,11.30012,0.0005126275954649422,0.01767821782178214,0.5534619901713345,5.3371744,0.19196421
CVS,0.00037491176,0.0005618053,0.013247884,0.012781654,-0.76776075,-0.28891867,7.441577,7.292244,0.0005226223651391362,0.02369801980198019,0.20800468809758021,0.149333,0.47884208
CVX,0.00021273622,6.804709e-05,0.013409879,0.012695739,-0.24063097,-0.18571702,2.5510726,3.6272569,0.0006211919298900962,0.026752475247524776,0.11216509954822584,1.0761843,0.054913953
DHR,0.0007340699,0.0003907214,0.016040802,0.011721515,12.863232,-0.18173206,386.04254,5.503973,0.0005695725821265418,0.016019801980198034,0.6775421470682403,380.53857,13.044964
DIS,0.0005476902,0.00054717297,0.012898792,0.012793335,-0.61983454,-0.14483254,5.930869,8.493145,0.0004291547161334849,0.020054455445544517,0.3919457970049023,2.562276,0.475002
DUK,0.00040536845,0.0006994768,0.009479317,0.009024406,-0.5090092,-0.28132656,2.6560392,2.4783187,0.00038393762775841344,0.020856435643564375,0.34442203312238184,0.17772055,0.22768262
EMR,0.00010009234,-4.113848e-05,0.014194881,0.013883859,-0.20669197,-0.19504361,3.1267629,3.4761796,0.0003873520007856557,0.020866336633663385,0.3438599563062288,0.34941673,0.011648357
EXC,0.0002005593,0.00043839664,0.01221905,0.011553171,-0.53439945,-0.22547863,3.055365,3.8666897,0.0006460141216436997,0.02835643564356438,0.07867825327176159,0.8113246,0.3089208
F,-0.00022711033,-0.00033273073,0.016472561,0.015829474,-0.5642723,-0.19487882,6.0880976,5.082944,0.0007014608671936344,0.02794059405940591,0.08642609449250138,1.0051537,0.36939347
FDX,0.00027175812,0.00013377465,0.014899898,0.014351867,-0.41437623,-0.25026307,6.7695065,6.769207,0.0005212786442935316,0.01984653465346542,0.40489761978169403,0.00029945374,0.16411316
GD,0.00046243143,0.0003618547,0.01253358,0.012332794,-0.2621495,-0.24384876,3.4344068,4.259248,0.00028284092203899325,0.011767326732673278,0.9415376086092317,0.824841,0.018300757
GE,-0.00033032015,-0.0003113426,0.014975895,0.014487911,-0.1944864,-0.13492009,5.3025484,9.379289,0.000643995890429718,0.02204950495049507,0.2810935447168533,4.0767403,0.059566304
GILD,0.00063096423,0.0004983179,0.01812423,0.017068822,-0.5588204,-0.18425764,9.712951,11.214751,0.0010053428451068677,0.02859405940594051,0.07452038485169021,1.5018005,0.3745628
GOOG,0.0005901813,0.00032453495,0.014951591,0.013788789,0.6444428,-0.17856011,12.2392,5.414447,0.0005605013901849582,0.02095544554455442,0.33882863678128494,6.824753,0.82300293
GOOGL,0.00059210055,0.00029504794,0.014905382,0.013858998,0.62191767,-0.27814955,12.357888,5.2106876,0.0005296143938245632,0.020980198019802,0.3374398016247616,7.1472006,0.9000672
GS,2.029305e-05,-0.00031924923,0.016185556,0.016128564,-0.31135932,-0.16292922,3.4312491,5.1805744,0.0006247811827306375,0.02615841584158407,0.12723569811099855,1.7493253,0.1484301
HAL,-0.00018797918,-0.00039067902,0.020702308,0.020077268,-0.263595,-0.113054685,3.1991224,3.4817343,0.0006442469903392401,0.02740099009900987,0.09742593035484504,0.28261185,0.15054032
HD,0.000839282,0.00069717015,0.012201857,0.01187915,-0.13543287,-0.23654641,2.6041799,3.7004366,0.000353534912683872,0.012995049504950479,0.883711118697426,1.0962567,0.10111354
HON,0.00053914904,0.0003445053,0.012576054,0.0119978385,-0.24635541,-0.1426704,5.2221203,4.6984797,0.00042942503293671324,0.02013366336633665,0.38707892036009206,0.52364063,0.10368502
IBM,-3.7492155e-05,0.00010615021,0.012386528,0.011827525,-0.767784,-0.3759527,6.738801,10.263708,0.0006203619502802139,0.019306930693069324,0.4396683279075183,3.524907,0.3918313
INTC,0.00047640657,0.00016382133,0.015108273,0.014945409,-0.026979333,-0.29613426,4.4359293,5.98967,0.0005202493997101316,0.019445544554455352,0.43058073172189715,1.5537405,0.26915494
JNJ,0.0004506148,0.00045535003,0.009488227,0.009060944,-0.8133341,-0.4495846,10.233687,7.3907557,0.0003472828977416086,0.016678217821782138,0.6279029732416345,2.8429317,0.3637495
JPM,0.000505376,6.8638685e-05,0.015717195,0.014964245,-0.16712481,-0.20230058,4.4115396,5.257863,0.0007360031960663654,0.022465346534653374,0.2611037075140291,0.8463235,0.03517577
KMB,0.00042432675,0.000556483,0.010265399,0.009681869,-0.49985966,-0.320938,5.4301434,4.248315,0.00036546732941105016,0.022034653465346526,0.2818272678166719,1.1818285,0.17892167
KO,0.0003016988,0.0004211505,0.009054634,0.008699071,-0.4229909,-0.27861395,3.7131276,3.8160405,0.0003028128431465777,0.018826732673267288,0.4719401596079017,0.1029129,0.14437693
LLY,0.0006857348,0.0007017851,0.0127610555,0.012333101,-0.4069343,-0.1876749,6.021721,7.98475,0.00048161195125859306,0.01719306930693071,0.589310061654114,1.9630289,0.2192594
LMT,0.0007553019,0.0006803793,0.011137672,0.011049714,-0.4219088,-0.21164341,3.6995983,4.8170023,0.00034878221596445526,0.019113861386138686,0.45249913580116274,1.117404,0.21026538
LOW,0.00068105967,0.0005811301,0.015041767,0.0148139205,-0.17693731,-0.34414554,4.6784654,7.048937,0.0004642827522246855,0.018648514851485137,0.4842135356538516,2.3704715,0.16720822
MA,0.0009750455,0.0007087292,0.015442245,0.014610416,0.21715423,-0.18788056,8.4829,8.13585,0.0006339281492949308,0.024960396039603983,0.1626449278624058,0.3470497,0.40503478
MCD,0.0005120629,0.0005445453,0.0098641105,0.009615022,0.295603,-0.2809888,6.150939,6.366996,0.00030760719023336346,0.014475247524752488,0.7904118946127026,0.21605682,0.57659185
MDT,0.00051245996,0.00051671,0.012424787,0.011886917,-0.3445592,-0.19499654,3.530477,5.8179064,0.0006037184471126733,0.028752475247524778,0.07185316865206459,2.2874293,0.14956266
MET,0.00010031067,-0.00030814446,0.018035987,0.018095193,-0.4901783,-0.29020852,3.9417377,7.9837065,0.0007843635936370675,0.025618811881188086,0.1423197268847759,4.041969,0.19996977
MMM,0.00046189842,0.000467686,0.011529277,0.011106085,-0.6971121,-0.4844907,4.9776692,7.131982,0.0004398495326270951,0.021331683168316823,0.31813041643462703,2.1543126,0.21262139
MO,0.00051509653,0.0007146685,0.010755808,0.0104273055,-0.78727716,-0.42787442,6.2166843,4.790977,0.00031010960951843294,0.01636633663366338,0.6514179596730345,1.4257073,0.35940275
MRK,0.00046790554,0.0003486375,0.011983349,0.011350535,0.18401842,-0.13619146,5.7324963,7.2160397,0.0005833898259281698,0.02525742574257428,0.1532062223082784,1.4835434,0.32020986
MS,0.00022285977,-0.00040053664,0.021351082,0.02016229,-0.14042091,-0.07349862,6.3421497,5.3117266,0.0009923693253692124,0.022267326732673287,0.2704894469090975,1.0304232,0.06692229
MSFT,0.0007080427,0.00050063,0.0144698545,0.014035183,-0.13803002,-0.20113157,7.2988415,9.585351,0.0005569466071812232,0.021321782178217785,0.3186637845624857,2.2865095,0.063101545
NEE,0.0007123245,0.0009245036,0.0100576,0.009486176,-0.22491026,-0.2512284,2.6483598,2.3073602,0.000393929772558462,0.018153465346534642,0.5190706967980694,0.3409996,0.026318133
NFLX,0.0010972326,0.0012133307,0.033362843,0.03088036,-0.5116835,0.2754346,27.479544,14.069784,0.0012898621161659487,0.023910891089108932,0.19973753957361795,13.4097595,0.78711814
NKE,0.00060270197,0.0004222821,0.015121864,0.014146151,0.45155144,-0.37141865,9.024725,9.445151,0.0006959377914489604,0.022638613861386103,0.2530886169781408,0.42042637,0.8229701
NVDA,0.0011103733,0.0005140603,0.025016755,0.023869963,0.55725944,-0.13756752,12.163907,8.628584,0.0007769566272015315,0.02405445544554463,0.19430700680958557,3.5353231,0.69482696
ORCL,0.00021666284,0.0001761959,0.014871554,0.0142122675,-0.9467939,-0.6373834,8.902352,11.290445,0.0006144863681791734,0.02329207920792087,0.22449446707986065,2.388093,0.3094105
OXY,-8.902621e-05,-0.00033605707,0.016222041,0.015465819,-0.03366033,-0.09776149,3.075142,3.4521413,0.0006184183694350726,0.023277227722772242,0.22511602708623402,0.37699938,0.06410116
PEP,0.00035475637,0.0004445216,0.00888683,0.0086910315,-0.21868473,-0.23424125,2.455936,4.748837,0.00031012619892764045,0.020826732673267345,0.34611190855862517,2.292901,0.015556514
PFE,0.00057102914,0.0005101036,0.011162779,0.010855038,0.060324248,-0.14592682,3.0883965,6.764682,0.0004409027701008529,0.022217821782178238,0.27287366880910513,3.6762853,0.20625107
PG,0.00028467324,0.00029043845,0.009236993,0.008850835,0.06292692,-0.19699346,6.4404135,4.8574095,0.00024410020845683643,0.013430693069306943,0.8585200862812172,1.583004,0.25992036
PM,0.00022546404,0.0004402803,0.011745164,0.010954001,-1.6729612,-0.50548524,24.315914,5.9316664,0.00043179302792762536,0.022762376237623783,0.24747565560451057,18.384247,1.1674759
QCOM,0.0001495596,4.7941387e-05,0.01686592,0.016336683,-1.1157637,-0.5063321,11.69541,12.687251,0.0005781240403945028,0.017267326732673283,0.5837836629121573,0.9918413,0.60943156
SBUX,0.0007199634,0.00063199917,0.014742843,0.014132851,-0.27783826,-0.21410343,7.813401,8.254825,0.0004976850635424447,0.019217821782178124,0.44556551162791,0.44142342,0.06373483
SLB,-0.00032939695,-0.00047912853,0.016474895,0.016026359,-0.04958512,-0.08398952,2.2062054,3.7205925,0.0005907742195291526,0.021599009900990063,0.30396120133353743,1.5143871,0.034404404
SO,0.00024779,0.0004985298,0.0090637645,0.008749838,-0.4503085,-0.35165223,2.3018126,3.384942,0.0003849932539349542,0.028777227722772247,0.07144382741387423,1.0831294,0.09865627
SPG,0.00041196452,0.0005824211,0.012440745,0.011603999,-0.15435146,-0.30512103,5.1386347,3.2162032,0.0006153250463198638,0.021574257425742573,0.30525439041763125,1.9224315,0.15076958
T,0.00024435713,0.00037137335,0.010561545,0.01023201,-0.78510994,-0.49525332,5.4102583,6.45827,0.0004179292674409825,0.02434158415841592,0.1837906849316504,1.0480118,0.2898566
TGT,0.00013622778,0.00034077815,0.0143357245,0.013600688,-0.8959539,-0.27927962,9.450284,9.070071,0.0006231596026382213,0.02404950495049507,0.19449233914004593,0.38021278,0.6166743
TXN,0.0005863527,0.0003716507,0.015044796,0.014700934,-0.06547604,-0.20134753,4.6299944,5.642132,0.0005263853046772684,0.02243069306930695,0.2627287946421667,1.0121374,0.1358715
UNH,0.0009777718,0.00096634816,0.013909019,0.013724588,-0.06262126,-0.09138652,3.3528743,7.5274687,0.0005303105329986008,0.016138613861386125,0.6685929917587439,4.1745944,0.028765261
UNP,0.0005946203,0.00043532002,0.014305257,0.0142634455,-0.24765773,-0.20681421,2.1185236,4.933472,0.0005768470945130054,0.023668316831683134,0.20917884850620805,2.8149486,0.040843517
UPS,0.0002220994,0.00023728835,0.011019067,0.010544094,-0.9013583,-0.34610966,8.9346895,7.0094357,0.0003350361887818645,0.018287128712871303,0.5095543876013161,1.9252539,0.5552486
USB,0.0003486348,-1.4746421e-05,0.012719685,0.012321891,-0.37383115,-0.24195197,5.3926153,4.113448,0.00047356093054892024,0.02316336633663363,0.2299246461412573,1.2791672,0.13187918
V,0.00091952155,0.0007686528,0.014461288,0.013485358,0.04444313,-0.212545,10.496864,7.5498505,0.0007527552938020896,0.02529702970297032,0.15198155116937495,2.9470139,0.2569881
VZ,0.00039547958,0.0004716659,0.010620731,0.010461981,-0.047145303,-0.20993353,2.669352,4.4320135,0.0003510454150678823,0.028059405940594057,0.08414961888288719,1.7626615,0.16278823
WFC,0.00029444965,-9.549783e-05,0.014489483,0.013945383,-0.29104072,-0.3644656,5.071888,6.0000734,0.0005223961423275427,0.02307920792079199,0.2335283099212796,0.92818546,0.073424876
WMT,0.00032692475,0.00045672592,0.011223241,0.010386612,-0.22021094,-0.59444326,16.453688,12.216429,0.0005849274039014536,0.027485148514851482,0.09563719678573401,4.237259,0.37423232
XOM,7.5651515e-05,-5.742007e-06,0.0116826845,0.010961472,-0.22810072,-0.27589723,3.0258064,4.0884757,0.0005297531430434519,0.022306930693069327,0.2685929702211498,1.0626693,0.047796518
