Ticker,Mean,Std,Skew,Kurt,Min,Max,Sharpe,Ann.Ret,Ann.Vol
AAPL,0.000776,0.016204,-0.249779,4.494899,-0.131885,0.085023,0.759858,0.195461,0.257234
ABT,0.000547,0.011698,-0.611106,5.766619,-0.097512,0.062943,0.742108,0.137814,0.185706
ACN,0.000612,0.013676,-0.531534,7.244922,-0.109609,0.076863,0.710679,0.154284,0.217094
ADBE,0.000786,0.017985,-0.441477,13.738213,-0.211148,0.12027,0.694133,0.198178,0.285504
AIG,0.000247,0.019704,0.05119,8.858246,-0.174846,0.151306,0.198926,0.062223,0.312792
ALL,0.000518,0.01267,-0.364532,6.427574,-0.106995,0.081565,0.64942,0.130615,0.201126
AMGN,0.000607,0.014684,0.039102,3.857566,-0.100756,0.099849,0.656652,0.15307,0.233107
AMZN,0.001059,0.019936,0.145214,7.289959,-0.135325,0.146225,0.843626,0.266989,0.316478
AXP,0.00043,0.014708,-0.545111,6.493185,-0.12898,0.08644,0.464477,0.108444,0.233475
BA,0.000848,0.015309,-0.208051,3.473857,-0.093531,0.094214,0.879138,0.213647,0.243018
BAC,0.000218,0.021095,-0.478296,9.692472,-0.227129,0.154808,0.164268,0.055008,0.334869
BIIB,0.000754,0.020258,-0.263049,17.026268,-0.249491,0.179272,0.590744,0.189976,0.321588
BK,0.00029,0.015605,-0.319264,3.452025,-0.102488,0.073554,0.294781,0.073021,0.247714
BKNG,0.000895,0.019561,-0.112318,13.612465,-0.189727,0.198434,0.726706,0.225657,0.31052
BLK,0.000317,0.016237,-0.265306,3.677014,-0.106544,0.091256,0.31023,0.079961,0.257748
BMY,0.000437,0.014447,-1.326881,15.774768,-0.174176,0.085256,0.480314,0.110154,0.229338
C,0.000193,0.01998,-0.438341,6.134037,-0.179335,0.129677,0.153324,0.048631,0.317179
CAT,0.000441,0.017152,-0.222922,2.697557,-0.09674,0.07795,0.408361,0.111188,0.27228
CHTR,0.000928,0.017285,0.06849,4.980535,-0.124189,0.111777,0.851975,0.233768,0.274384
CL,0.000251,0.010303,-0.37896,4.872105,-0.070902,0.058309,0.386362,0.063192,0.163556
CMCSA,0.000695,0.014086,-0.263169,2.260159,-0.076638,0.061344,0.783794,0.175259,0.223603
COF,0.000323,0.017335,-0.524106,6.575728,-0.140654,0.082082,0.296193,0.081505,0.275177
COP,0.00033,0.017007,-0.11717,3.232131,-0.096639,0.092573,0.307642,0.083056,0.269977
COST,0.00065,0.011437,-0.545709,6.51354,-0.089781,0.060996,0.902794,0.163902,0.18155
CSCO,0.000343,0.015961,-0.875606,19.925316,-0.176865,0.147992,0.340792,0.08635,0.253381
CVS,0.000372,0.013527,-0.705367,6.837483,-0.125835,0.084912,0.436129,0.093655,0.214742
CVX,0.000285,0.013453,-0.172006,2.484274,-0.078396,0.061445,0.336038,0.071762,0.213554
DHR,0.000776,0.01593,11.77614,355.374535,-0.077294,0.47759,0.773327,0.195554,0.252873
DIS,0.000591,0.013174,-0.464106,5.202991,-0.09619,0.073531,0.712067,0.148919,0.209137
DUK,0.000423,0.009435,-0.430747,2.600403,-0.057273,0.04367,0.712506,0.106722,0.149784
EMR,0.000257,0.01459,-0.045989,3.561097,-0.069324,0.096209,0.279915,0.064832,0.231612
EXC,0.000139,0.012147,-0.491841,2.885779,-0.078312,0.04762,0.181655,0.035027,0.192823
F,-1.4e-05,0.017461,-0.426706,4.634909,-0.144002,0.094421,-0.012544,-0.003477,0.277191
FDX,0.000307,0.015409,-0.331836,5.603842,-0.129671,0.111827,0.316116,0.077326,0.244611
GD,0.000449,0.012898,-0.284835,3.028546,-0.080434,0.066725,0.552687,0.113164,0.204752
GE,-0.000193,0.015342,-0.133407,4.728438,-0.091911,0.102597,-0.199192,-0.048514,0.243554
GILD,0.000507,0.018151,-0.585254,9.283974,-0.154766,0.128578,0.443206,0.127704,0.288137
GOOG,0.000533,0.015341,0.577416,11.430843,-0.087493,0.148872,0.551443,0.134294,0.243533
GOOGL,0.000535,0.0153,0.557579,11.525123,-0.087493,0.150645,0.554984,0.134793,0.242877
GS,1.8e-05,0.016644,-0.565287,5.085385,-0.136863,0.090485,0.01728,0.004566,0.264211
HAL,-2.5e-05,0.021553,-0.331894,4.098846,-0.160412,0.112991,-0.01818,-0.00622,0.342141
HD,0.000877,0.012582,-0.046956,2.627042,-0.060686,0.062148,1.106927,0.221096,0.199738
HON,0.00063,0.013019,-0.228281,4.489463,-0.080025,0.064608,0.768614,0.158852,0.206674
IBM,4.5e-05,0.01231,-0.696489,6.340545,-0.086419,0.084933,0.057633,0.011263,0.19542
INTC,0.000483,0.015269,-0.004851,3.957468,-0.095432,0.100314,0.501704,0.121605,0.242383
JNJ,0.000425,0.009381,-0.761092,9.733942,-0.105782,0.052422,0.720031,0.107223,0.148914
JPM,0.000445,0.016178,-0.155298,3.681279,-0.098881,0.081012,0.436525,0.112105,0.256811
KMB,0.000407,0.01014,-0.524019,5.682497,-0.081733,0.052746,0.637644,0.102644,0.160975
KO,0.000351,0.009162,-0.404083,3.418147,-0.062185,0.055314,0.607559,0.088362,0.145437
LLY,0.000665,0.012544,-0.383705,5.912851,-0.111094,0.063428,0.84218,0.167702,0.199128
LMT,0.000673,0.011233,-0.364893,3.304911,-0.063639,0.071069,0.950942,0.169573,0.178321
LOW,0.000686,0.015342,-0.098299,4.049773,-0.10661,0.099172,0.709996,0.172914,0.243543
MA,0.000897,0.016164,-0.035397,7.795744,-0.111936,0.125699,0.88101,0.226067,0.256599
MCD,0.00058,0.009861,0.273023,5.604,-0.048896,0.078105,0.932922,0.146036,0.156536
MDT,0.000393,0.012738,-0.598413,5.638054,-0.114324,0.059756,0.489199,0.098923,0.202214
MET,0.000197,0.018501,-0.379242,3.484595,-0.113266,0.085511,0.168658,0.049534,0.293695
MMM,0.000467,0.011758,-0.630286,4.507455,-0.070771,0.057447,0.630863,0.117751,0.186651
MO,0.000594,0.010637,-0.743111,5.948215,-0.099728,0.064465,0.886566,0.14971,0.168865
MRK,0.000455,0.012149,0.168064,5.052407,-0.068512,0.099012,0.594508,0.114656,0.192858
MS,0.000148,0.021356,-0.124771,5.698741,-0.156484,0.156988,0.109963,0.037279,0.339009
MSFT,0.00062,0.014496,-0.091221,6.737891,-0.121033,0.099413,0.678606,0.156159,0.230117
NEE,0.000655,0.010273,-0.176011,2.362858,-0.06332,0.048732,1.012196,0.165073,0.163084
NFLX,0.00157,0.033648,-0.32566,24.68249,-0.429178,0.35223,0.740673,0.395624,0.534141
NKE,0.000714,0.015061,0.494562,8.762863,-0.098742,0.115341,0.752673,0.179959,0.239094
NVDA,0.000903,0.025339,0.40457,10.639752,-0.207712,0.260876,0.565799,0.227588,0.402242
ORCL,0.00031,0.014966,-0.754961,8.172333,-0.123929,0.096943,0.328694,0.078093,0.237585
OXY,1.2e-05,0.016382,-0.030977,2.803574,-0.092418,0.092596,0.011511,0.002994,0.260059
PEP,0.000373,0.008969,-0.187139,2.503816,-0.04701,0.046507,0.659846,0.093952,0.142386
PFE,0.000516,0.011453,0.097913,2.754558,-0.054446,0.068281,0.71465,0.129928,0.181806
PG,0.000304,0.009196,0.061731,6.059356,-0.0606,0.084328,0.524327,0.076544,0.145986
PM,0.000311,0.011821,-1.459127,21.382742,-0.169315,0.083806,0.418127,0.078466,0.18766
QCOM,0.000177,0.017162,-1.217293,12.853241,-0.165471,0.119645,0.164016,0.044684,0.272439
SBUX,0.000806,0.015147,-0.159644,6.647526,-0.10766,0.094678,0.844514,0.203066,0.240453
SLB,-0.000187,0.017121,-0.000312,2.359758,-0.093371,0.084448,-0.173646,-0.047195,0.27179
SO,0.00032,0.008986,-0.391996,2.222075,-0.049686,0.035644,0.56486,0.080579,0.142652
SPG,0.000499,0.013385,-0.073709,4.139267,-0.087312,0.107684,0.591318,0.125645,0.212483
T,0.000286,0.010475,-0.718863,5.035632,-0.083987,0.048764,0.433942,0.072162,0.166293
TGT,0.000238,0.014239,-0.780011,8.855195,-0.129717,0.085597,0.265136,0.059931,0.226039
TXN,0.000667,0.015297,-0.02752,3.969719,-0.088825,0.112675,0.691762,0.167979,0.242828
UNH,0.000969,0.014202,-0.078233,2.825071,-0.083029,0.077605,1.083026,0.244161,0.225443
UNP,0.00071,0.014656,-0.192587,2.044909,-0.069052,0.059133,0.769567,0.179043,0.232654
UPS,0.00034,0.011558,-0.473964,7.923332,-0.10434,0.072096,0.467045,0.085694,0.183481
USB,0.000377,0.013447,-0.260759,4.242767,-0.094089,0.079223,0.444752,0.09494,0.213467
V,0.000822,0.015075,-0.121553,9.256103,-0.135501,0.139739,0.866072,0.207263,0.239314
VZ,0.000445,0.010594,-0.042717,2.461269,-0.056638,0.073995,0.666322,0.112063,0.168181
WFC,0.000314,0.015419,-0.163228,4.085887,-0.096779,0.077591,0.323756,0.079247,0.244773
WMT,0.00034,0.01105,-0.187747,15.937953,-0.107399,0.103444,0.488045,0.085613,0.175421
XOM,0.000114,0.011706,-0.165828,2.875355,-0.06388,0.053692,0.154913,0.028787,0.185827
