,loading
HON_BBANDS_middleband_distance_close,0.04806656387751966
HON_EMA_10_distance_close,0.04764561684677635
BLK_EMA_10_distance_close,0.04763641535793133
BLK_BBANDS_middleband_distance_close,0.04714019271443718
MMM_BBANDS_middleband_distance_close,0.046279584526813904
MMM_EMA_10_distance_close,0.04596464936805084
MET_EMA_10_distance_close,0.044968311825208766
C_EMA_10_distance_close,0.044223008379087145
MET_BBANDS_middleband_distance_close,0.04394477689278557
HON_SAR__distance_close,0.043564207221744956
USB_EMA_10_distance_close,0.0432736342883048
MMM_SAR__distance_close,0.04312214317654506
JPM_EMA_10_distance_close,0.043096049982867805
BK_EMA_10_distance_close,0.0430834054588151
MS_EMA_10_distance_close,0.04289624276912671
C_BBANDS_middleband_distance_close,0.042700415935066606
C_MACD_macdhist,0.042566457958422274
FDX_EMA_10_distance_close,0.042553530023092326
EMR_EMA_10_distance_close,0.04246403196588757
EMR_BBANDS_middleband_distance_close,0.04240130342233848
